2025-10-26 17:16:51,103 - INFO - Demanda raw: {'MANANA': {'min': 2, 'optimo': 3, 'max': 5}, 'TARDE': {'min': 2, 'optimo': 3, 'max': 5}, 'NOCHE': {'min': 1, 'optimo': 2, 'max': 3}} (type: dict)
2025-10-26 17:16:51,103 - INFO - Formato complejo detectado para MANANA: {'min': 2, 'optimo': 3, 'max': 5}
2025-10-26 17:16:51,104 - DEBUG -   Usando 'optimo': 3
2025-10-26 17:16:51,104 - INFO - Formato complejo detectado para TARDE: {'min': 2, 'optimo': 3, 'max': 5}
2025-10-26 17:16:51,105 - DEBUG -   Usando 'optimo': 3
2025-10-26 17:16:51,106 - INFO - Formato complejo detectado para NOCHE: {'min': 1, 'optimo': 2, 'max': 3}
2025-10-26 17:16:51,106 - DEBUG -   Usando 'optimo': 2
2025-10-26 17:16:51,107 - INFO - ✓ Demanda procesada: {'MANANA': 3, 'TARDE': 3, 'NOCHE': 2}
2025-10-26 17:16:51,107 - INFO - RD (array): 4
2025-10-26 17:16:51,108 - INFO - RB (array): 2
2025-10-26 17:16:51,108 - INFO - ================================================================================
2025-10-26 17:16:51,108 - INFO - INICIO GENERADOR
2025-10-26 17:16:51,109 - INFO - ================================================================================
2025-10-26 17:16:51,109 - INFO - Config: mierda | Días: 7 | Enfs: 6 | Turnos: 3
2025-10-26 17:16:51,110 - INFO - Demanda: {'MANANA': 3, 'TARDE': 3, 'NOCHE': 2}
2025-10-26 17:16:51,111 - INFO - Creamos 126 variables booleanas
2025-10-26 17:16:51,136 - INFO - RD020 aplicada (una por día)
2025-10-26 17:16:51,139 - INFO - RD019 aplicada (cobertura mínima)
2025-10-26 17:16:51,142 - INFO - RD006 aplicada (NOCHE->MAÑANA prohibido)
2025-10-26 17:16:51,143 - INFO - RD014-16 verificación en validador
2025-10-26 17:16:51,147 - INFO - RB equidad aplicada con 3 términos
2025-10-26 17:16:51,147 - INFO - Resolve: 60s | workers=4
2025-10-26 17:16:51,362 - INFO - Estado: INFEASIBLE | Time: 0.160s | Conflicts: 42 | Branches: 312
2025-10-26 17:18:16,920 - INFO - Demanda raw: {'MANANA': {'min': 3, 'optimo': 4, 'max': 5}, 'TARDE': {'min': 3, 'optimo': 3, 'max': 4}, 'NOCHE': {'min': 3, 'optimo': 3, 'max': 3}} (type: dict)
2025-10-26 17:18:16,921 - INFO - Formato complejo detectado para MANANA: {'min': 3, 'optimo': 4, 'max': 5}
2025-10-26 17:18:16,922 - DEBUG -   Usando 'optimo': 4
2025-10-26 17:18:16,923 - INFO - Formato complejo detectado para TARDE: {'min': 3, 'optimo': 3, 'max': 4}
2025-10-26 17:18:16,923 - DEBUG -   Usando 'optimo': 3
2025-10-26 17:18:16,924 - INFO - Formato complejo detectado para NOCHE: {'min': 3, 'optimo': 3, 'max': 3}
2025-10-26 17:18:16,924 - DEBUG -   Usando 'optimo': 3
2025-10-26 17:18:16,924 - INFO - ✓ Demanda procesada: {'MANANA': 4, 'TARDE': 3, 'NOCHE': 3}
2025-10-26 17:18:16,925 - INFO - RD (array): 20
2025-10-26 17:18:16,925 - INFO - RB (array): 15
2025-10-26 17:18:16,925 - INFO - ================================================================================
2025-10-26 17:18:16,926 - INFO - INICIO GENERADOR
2025-10-26 17:18:16,926 - INFO - ================================================================================
2025-10-26 17:18:16,927 - INFO - Config: pruebacompleta | Días: 365 | Enfs: 18 | Turnos: 3
2025-10-26 17:18:16,927 - INFO - Demanda: {'MANANA': 4, 'TARDE': 3, 'NOCHE': 3}
2025-10-26 17:18:16,928 - INFO - Creamos 19710 variables booleanas
2025-10-26 17:18:18,073 - INFO - RD020 aplicada (una por día)
2025-10-26 17:18:18,265 - INFO - RD019 aplicada (cobertura mínima)
2025-10-26 17:18:18,504 - INFO - RD006 aplicada (NOCHE->MAÑANA prohibido)
2025-10-26 17:18:18,505 - INFO - RD014-16 verificación en validador
2025-10-26 17:18:18,758 - INFO - RB equidad aplicada con 3 términos
2025-10-26 17:18:18,759 - INFO - Resolve: 600s | workers=8
2025-10-26 17:19:13,354 - INFO - Estado: OPTIMAL | Time: 54.537s | Conflicts: 416 | Branches: 205678
2025-10-26 17:19:13,411 - INFO - Asignaciones: 5868
2025-10-26 17:19:13,412 - INFO - ================================================================================
2025-10-26 17:19:13,412 - INFO - INICIANDO VALIDACIONES
2025-10-26 17:19:13,412 - INFO - ================================================================================
2025-10-26 17:19:13,416 - INFO - ✓ VÁLIDO: RD020 - 5868 asignaciones únicas
2025-10-26 17:19:13,420 - ERROR - Error: '<' not supported between instances of 'int' and 'dict'
Traceback (most recent call last):
  File "C:\Users\luiss\OneDrive\Documents\planificador_turnos\turnos\generador.py", line 297, in resolver
    val = ValidadorRestricciones(self.configuracion, res).validar()
  File "C:\Users\luiss\OneDrive\Documents\planificador_turnos\turnos\generador.py", line 44, in validar
    self._cobertura_minima_por_turno()
    ~~~~~~~~~~~~~~~~~~~~~~~~~~~~~~~~^^
  File "C:\Users\luiss\OneDrive\Documents\planificador_turnos\turnos\generador.py", line 74, in _cobertura_minima_por_turno
    if cnt < req:
       ^^^^^^^^^
TypeError: '<' not supported between instances of 'int' and 'dict'
2025-10-26 17:27:14,190 - INFO - Demanda raw: {'MANANA': {'min': 3, 'optimo': 4, 'max': 5}, 'TARDE': {'min': 3, 'optimo': 3, 'max': 4}, 'NOCHE': {'min': 3, 'optimo': 3, 'max': 3}} (type: dict)
2025-10-26 17:27:14,190 - INFO - Formato complejo detectado para MANANA: {'min': 3, 'optimo': 4, 'max': 5}
2025-10-26 17:27:14,191 - DEBUG -   Usando 'optimo': 4
2025-10-26 17:27:14,192 - INFO - Formato complejo detectado para TARDE: {'min': 3, 'optimo': 3, 'max': 4}
2025-10-26 17:27:14,192 - DEBUG -   Usando 'optimo': 3
2025-10-26 17:27:14,193 - INFO - Formato complejo detectado para NOCHE: {'min': 3, 'optimo': 3, 'max': 3}
2025-10-26 17:27:14,193 - DEBUG -   Usando 'optimo': 3
2025-10-26 17:27:14,194 - INFO - ✓ Demanda procesada: {'MANANA': 4, 'TARDE': 3, 'NOCHE': 3}
2025-10-26 17:27:14,196 - INFO - RD (array): 20
2025-10-26 17:27:14,197 - INFO - RB (array): 15
2025-10-26 17:27:14,197 - INFO - ================================================================================
2025-10-26 17:27:14,198 - INFO - INICIO GENERADOR
2025-10-26 17:27:14,198 - INFO - ================================================================================
2025-10-26 17:27:14,198 - INFO - Config: pruebacompleta | Días: 365 | Enfs: 18 | Turnos: 3
2025-10-26 17:27:14,199 - INFO - Demanda: {'MANANA': 4, 'TARDE': 3, 'NOCHE': 3}
2025-10-26 17:27:14,199 - INFO - Creamos 19710 variables booleanas
2025-10-26 17:27:15,021 - INFO - RD020 aplicada (una por día)
2025-10-26 17:27:15,244 - INFO - RD019 aplicada (cobertura mínima)
2025-10-26 17:27:15,929 - INFO - RD006 aplicada (NOCHE->MAÑANA prohibido)
2025-10-26 17:27:15,931 - INFO - RD014-16 verificación en validador
2025-10-26 17:27:16,175 - INFO - RB equidad aplicada con 3 términos
2025-10-26 17:27:16,176 - INFO - Resolve: 600s | workers=8
2025-10-26 17:28:23,021 - INFO - Estado: OPTIMAL | Time: 66.788s | Conflicts: 416 | Branches: 205678
2025-10-26 17:28:23,074 - INFO - Asignaciones: 5220
2025-10-26 17:28:23,075 - INFO - ================================================================================
2025-10-26 17:28:23,075 - INFO - INICIANDO VALIDACIONES
2025-10-26 17:28:23,075 - INFO - ================================================================================
2025-10-26 17:28:23,078 - INFO - ✓ VÁLIDO: RD020 - 5220 asignaciones únicas
2025-10-26 17:28:23,079 - INFO - 
[RD019] Validando: Cobertura mínima por turno
2025-10-26 17:28:23,082 - DEBUG -   ✓ NOCHE 2026-02-01: 5 personal (requiere 3)
2025-10-26 17:28:23,082 - DEBUG -   ✓ MANANA 2026-02-01: 4 personal (requiere 4)
2025-10-26 17:28:23,083 - DEBUG -   ✓ TARDE 2026-02-01: 3 personal (requiere 3)
2025-10-26 17:28:23,083 - DEBUG -   ✓ NOCHE 2026-02-02: 7 personal (requiere 3)
2025-10-26 17:28:23,084 - DEBUG -   ✓ TARDE 2026-02-02: 5 personal (requiere 3)
2025-10-26 17:28:23,084 - DEBUG -   ✓ MANANA 2026-02-02: 4 personal (requiere 4)
2025-10-26 17:28:23,084 - DEBUG -   ✓ TARDE 2026-02-03: 3 personal (requiere 3)
2025-10-26 17:28:23,084 - DEBUG -   ✓ MANANA 2026-02-03: 5 personal (requiere 4)
2025-10-26 17:28:23,085 - DEBUG -   ✓ NOCHE 2026-02-03: 3 personal (requiere 3)
2025-10-26 17:28:23,085 - DEBUG -   ✓ MANANA 2026-02-04: 4 personal (requiere 4)
2025-10-26 17:28:23,085 - DEBUG -   ✓ TARDE 2026-02-04: 3 personal (requiere 3)
2025-10-26 17:28:23,086 - DEBUG -   ✓ NOCHE 2026-02-04: 5 personal (requiere 3)
2025-10-26 17:28:23,086 - DEBUG -   ✓ MANANA 2026-02-05: 6 personal (requiere 4)
2025-10-26 17:28:23,086 - DEBUG -   ✓ NOCHE 2026-02-05: 5 personal (requiere 3)
2025-10-26 17:28:23,087 - DEBUG -   ✓ TARDE 2026-02-05: 3 personal (requiere 3)
2025-10-26 17:28:23,087 - DEBUG -   ✓ MANANA 2026-02-06: 5 personal (requiere 4)
2025-10-26 17:28:23,087 - DEBUG -   ✓ TARDE 2026-02-06: 4 personal (requiere 3)
2025-10-26 17:28:23,087 - DEBUG -   ✓ NOCHE 2026-02-06: 6 personal (requiere 3)
2025-10-26 17:28:23,088 - DEBUG -   ✓ NOCHE 2026-02-07: 5 personal (requiere 3)
2025-10-26 17:28:23,088 - DEBUG -   ✓ MANANA 2026-02-07: 6 personal (requiere 4)
2025-10-26 17:28:23,088 - DEBUG -   ✓ TARDE 2026-02-07: 3 personal (requiere 3)
2025-10-26 17:28:23,089 - DEBUG -   ✓ NOCHE 2026-02-08: 5 personal (requiere 3)
2025-10-26 17:28:23,089 - DEBUG -   ✓ MANANA 2026-02-08: 5 personal (requiere 4)
2025-10-26 17:28:23,089 - DEBUG -   ✓ TARDE 2026-02-08: 3 personal (requiere 3)
2025-10-26 17:28:23,089 - DEBUG -   ✓ MANANA 2026-02-09: 4 personal (requiere 4)
2025-10-26 17:28:23,090 - DEBUG -   ✓ NOCHE 2026-02-09: 5 personal (requiere 3)
2025-10-26 17:28:23,090 - DEBUG -   ✓ TARDE 2026-02-09: 3 personal (requiere 3)
2025-10-26 17:28:23,091 - DEBUG -   ✓ NOCHE 2026-02-10: 4 personal (requiere 3)
2025-10-26 17:28:23,091 - DEBUG -   ✓ TARDE 2026-02-10: 3 personal (requiere 3)
2025-10-26 17:28:23,091 - DEBUG -   ✓ MANANA 2026-02-10: 5 personal (requiere 4)
2025-10-26 17:28:23,091 - DEBUG -   ✓ MANANA 2026-02-11: 4 personal (requiere 4)
2025-10-26 17:28:23,092 - DEBUG -   ✓ NOCHE 2026-02-11: 5 personal (requiere 3)
2025-10-26 17:28:23,092 - DEBUG -   ✓ TARDE 2026-02-11: 3 personal (requiere 3)
2025-10-26 17:28:23,092 - DEBUG -   ✓ MANANA 2026-02-12: 4 personal (requiere 4)
2025-10-26 17:28:23,093 - DEBUG -   ✓ NOCHE 2026-02-12: 7 personal (requiere 3)
2025-10-26 17:28:23,093 - DEBUG -   ✓ TARDE 2026-02-12: 3 personal (requiere 3)
2025-10-26 17:28:23,093 - DEBUG -   ✓ MANANA 2026-02-13: 4 personal (requiere 4)
2025-10-26 17:28:23,093 - DEBUG -   ✓ TARDE 2026-02-13: 4 personal (requiere 3)
2025-10-26 17:28:23,094 - DEBUG -   ✓ NOCHE 2026-02-13: 4 personal (requiere 3)
2025-10-26 17:28:23,094 - DEBUG -   ✓ NOCHE 2026-02-14: 4 personal (requiere 3)
2025-10-26 17:28:23,094 - DEBUG -   ✓ MANANA 2026-02-14: 4 personal (requiere 4)
2025-10-26 17:28:23,095 - DEBUG -   ✓ TARDE 2026-02-14: 3 personal (requiere 3)
2025-10-26 17:28:23,095 - DEBUG -   ✓ MANANA 2026-02-15: 4 personal (requiere 4)
2025-10-26 17:28:23,095 - DEBUG -   ✓ NOCHE 2026-02-15: 4 personal (requiere 3)
2025-10-26 17:28:23,096 - DEBUG -   ✓ TARDE 2026-02-15: 4 personal (requiere 3)
2025-10-26 17:28:23,096 - DEBUG -   ✓ NOCHE 2026-02-16: 5 personal (requiere 3)
2025-10-26 17:28:23,096 - DEBUG -   ✓ MANANA 2026-02-16: 4 personal (requiere 4)
2025-10-26 17:28:23,097 - DEBUG -   ✓ TARDE 2026-02-16: 3 personal (requiere 3)
2025-10-26 17:28:23,097 - DEBUG -   ✓ NOCHE 2026-02-17: 4 personal (requiere 3)
2025-10-26 17:28:23,097 - DEBUG -   ✓ TARDE 2026-02-17: 3 personal (requiere 3)
2025-10-26 17:28:23,098 - DEBUG -   ✓ MANANA 2026-02-17: 5 personal (requiere 4)
2025-10-26 17:28:23,098 - DEBUG -   ✓ NOCHE 2026-02-18: 6 personal (requiere 3)
2025-10-26 17:28:23,098 - DEBUG -   ✓ MANANA 2026-02-18: 4 personal (requiere 4)
2025-10-26 17:28:23,099 - DEBUG -   ✓ TARDE 2026-02-18: 3 personal (requiere 3)
2025-10-26 17:28:23,099 - DEBUG -   ✓ NOCHE 2026-02-19: 5 personal (requiere 3)
2025-10-26 17:28:23,099 - DEBUG -   ✓ MANANA 2026-02-19: 5 personal (requiere 4)
2025-10-26 17:28:23,099 - DEBUG -   ✓ TARDE 2026-02-19: 3 personal (requiere 3)
2025-10-26 17:28:23,100 - DEBUG -   ✓ TARDE 2026-02-20: 3 personal (requiere 3)
2025-10-26 17:28:23,100 - DEBUG -   ✓ MANANA 2026-02-20: 5 personal (requiere 4)
2025-10-26 17:28:23,100 - DEBUG -   ✓ NOCHE 2026-02-20: 5 personal (requiere 3)
2025-10-26 17:28:23,101 - DEBUG -   ✓ MANANA 2026-02-21: 4 personal (requiere 4)
2025-10-26 17:28:23,101 - DEBUG -   ✓ NOCHE 2026-02-21: 6 personal (requiere 3)
2025-10-26 17:28:23,101 - DEBUG -   ✓ TARDE 2026-02-21: 3 personal (requiere 3)
2025-10-26 17:28:23,101 - DEBUG -   ✓ NOCHE 2026-02-22: 3 personal (requiere 3)
2025-10-26 17:28:23,102 - DEBUG -   ✓ MANANA 2026-02-22: 4 personal (requiere 4)
2025-10-26 17:28:23,102 - DEBUG -   ✓ TARDE 2026-02-22: 4 personal (requiere 3)
2025-10-26 17:28:23,102 - DEBUG -   ✓ TARDE 2026-02-23: 3 personal (requiere 3)
2025-10-26 17:28:23,102 - DEBUG -   ✓ MANANA 2026-02-23: 5 personal (requiere 4)
2025-10-26 17:28:23,103 - DEBUG -   ✓ NOCHE 2026-02-23: 3 personal (requiere 3)
2025-10-26 17:28:23,103 - DEBUG -   ✓ MANANA 2026-02-24: 4 personal (requiere 4)
2025-10-26 17:28:23,103 - DEBUG -   ✓ TARDE 2026-02-24: 3 personal (requiere 3)
2025-10-26 17:28:23,104 - DEBUG -   ✓ NOCHE 2026-02-24: 3 personal (requiere 3)
2025-10-26 17:28:23,104 - DEBUG -   ✓ NOCHE 2026-02-25: 5 personal (requiere 3)
2025-10-26 17:28:23,105 - DEBUG -   ✓ TARDE 2026-02-25: 3 personal (requiere 3)
2025-10-26 17:28:23,105 - DEBUG -   ✓ MANANA 2026-02-25: 4 personal (requiere 4)
2025-10-26 17:28:23,105 - DEBUG -   ✓ TARDE 2026-02-26: 4 personal (requiere 3)
2025-10-26 17:28:23,106 - DEBUG -   ✓ MANANA 2026-02-26: 4 personal (requiere 4)
2025-10-26 17:28:23,106 - DEBUG -   ✓ NOCHE 2026-02-26: 6 personal (requiere 3)
2025-10-26 17:28:23,106 - DEBUG -   ✓ TARDE 2026-02-27: 4 personal (requiere 3)
2025-10-26 17:28:23,107 - DEBUG -   ✓ NOCHE 2026-02-27: 3 personal (requiere 3)
2025-10-26 17:28:23,107 - DEBUG -   ✓ MANANA 2026-02-27: 5 personal (requiere 4)
2025-10-26 17:28:23,107 - DEBUG -   ✓ NOCHE 2026-02-28: 3 personal (requiere 3)
2025-10-26 17:28:23,107 - DEBUG -   ✓ MANANA 2026-02-28: 6 personal (requiere 4)
2025-10-26 17:28:23,108 - DEBUG -   ✓ TARDE 2026-02-28: 4 personal (requiere 3)
2025-10-26 17:28:23,108 - DEBUG -   ✓ NOCHE 2026-03-01: 5 personal (requiere 3)
2025-10-26 17:28:23,108 - DEBUG -   ✓ MANANA 2026-03-01: 4 personal (requiere 4)
2025-10-26 17:28:23,108 - DEBUG -   ✓ TARDE 2026-03-01: 3 personal (requiere 3)
2025-10-26 17:28:23,109 - DEBUG -   ✓ TARDE 2026-03-02: 6 personal (requiere 3)
2025-10-26 17:28:23,109 - DEBUG -   ✓ MANANA 2026-03-02: 5 personal (requiere 4)
2025-10-26 17:28:23,109 - DEBUG -   ✓ NOCHE 2026-03-02: 4 personal (requiere 3)
2025-10-26 17:28:23,110 - DEBUG -   ✓ MANANA 2026-03-03: 4 personal (requiere 4)
2025-10-26 17:28:23,110 - DEBUG -   ✓ NOCHE 2026-03-03: 4 personal (requiere 3)
2025-10-26 17:28:23,110 - DEBUG -   ✓ TARDE 2026-03-03: 3 personal (requiere 3)
2025-10-26 17:28:23,110 - DEBUG -   ✓ NOCHE 2026-03-04: 4 personal (requiere 3)
2025-10-26 17:28:23,111 - DEBUG -   ✓ MANANA 2026-03-04: 4 personal (requiere 4)
2025-10-26 17:28:23,111 - DEBUG -   ✓ TARDE 2026-03-04: 8 personal (requiere 3)
2025-10-26 17:28:23,111 - DEBUG -   ✓ NOCHE 2026-03-05: 5 personal (requiere 3)
2025-10-26 17:28:23,111 - DEBUG -   ✓ TARDE 2026-03-05: 3 personal (requiere 3)
2025-10-26 17:28:23,112 - DEBUG -   ✓ MANANA 2026-03-05: 4 personal (requiere 4)
2025-10-26 17:28:23,112 - DEBUG -   ✓ NOCHE 2026-03-06: 4 personal (requiere 3)
2025-10-26 17:28:23,112 - DEBUG -   ✓ TARDE 2026-03-06: 3 personal (requiere 3)
2025-10-26 17:28:23,113 - DEBUG -   ✓ MANANA 2026-03-06: 4 personal (requiere 4)
2025-10-26 17:28:23,113 - DEBUG -   ✓ MANANA 2026-03-07: 4 personal (requiere 4)
2025-10-26 17:28:23,113 - DEBUG -   ✓ TARDE 2026-03-07: 4 personal (requiere 3)
2025-10-26 17:28:23,114 - DEBUG -   ✓ NOCHE 2026-03-07: 3 personal (requiere 3)
2025-10-26 17:28:23,114 - DEBUG -   ✓ TARDE 2026-03-08: 4 personal (requiere 3)
2025-10-26 17:28:23,114 - DEBUG -   ✓ NOCHE 2026-03-08: 4 personal (requiere 3)
2025-10-26 17:28:23,115 - DEBUG -   ✓ MANANA 2026-03-08: 4 personal (requiere 4)
2025-10-26 17:28:23,115 - DEBUG -   ✓ MANANA 2026-03-09: 4 personal (requiere 4)
2025-10-26 17:28:23,115 - DEBUG -   ✓ NOCHE 2026-03-09: 4 personal (requiere 3)
2025-10-26 17:28:23,116 - DEBUG -   ✓ TARDE 2026-03-09: 3 personal (requiere 3)
2025-10-26 17:28:23,116 - DEBUG -   ✓ MANANA 2026-03-10: 4 personal (requiere 4)
2025-10-26 17:28:23,116 - DEBUG -   ✓ TARDE 2026-03-10: 4 personal (requiere 3)
2025-10-26 17:28:23,116 - DEBUG -   ✓ NOCHE 2026-03-10: 3 personal (requiere 3)
2025-10-26 17:28:23,117 - DEBUG -   ✓ MANANA 2026-03-11: 6 personal (requiere 4)
2025-10-26 17:28:23,117 - DEBUG -   ✓ TARDE 2026-03-11: 3 personal (requiere 3)
2025-10-26 17:28:23,117 - DEBUG -   ✓ NOCHE 2026-03-11: 4 personal (requiere 3)
2025-10-26 17:28:23,118 - DEBUG -   ✓ NOCHE 2026-03-12: 6 personal (requiere 3)
2025-10-26 17:28:23,118 - DEBUG -   ✓ MANANA 2026-03-12: 4 personal (requiere 4)
2025-10-26 17:28:23,118 - DEBUG -   ✓ TARDE 2026-03-12: 4 personal (requiere 3)
2025-10-26 17:28:23,118 - DEBUG -   ✓ TARDE 2026-03-13: 6 personal (requiere 3)
2025-10-26 17:28:23,119 - DEBUG -   ✓ NOCHE 2026-03-13: 6 personal (requiere 3)
2025-10-26 17:28:23,119 - DEBUG -   ✓ MANANA 2026-03-13: 4 personal (requiere 4)
2025-10-26 17:28:23,119 - DEBUG -   ✓ MANANA 2026-03-14: 4 personal (requiere 4)
2025-10-26 17:28:23,120 - DEBUG -   ✓ NOCHE 2026-03-14: 5 personal (requiere 3)
2025-10-26 17:28:23,120 - DEBUG -   ✓ TARDE 2026-03-14: 4 personal (requiere 3)
2025-10-26 17:28:23,120 - DEBUG -   ✓ TARDE 2026-03-15: 6 personal (requiere 3)
2025-10-26 17:28:23,120 - DEBUG -   ✓ MANANA 2026-03-15: 4 personal (requiere 4)
2025-10-26 17:28:23,121 - DEBUG -   ✓ NOCHE 2026-03-15: 6 personal (requiere 3)
2025-10-26 17:28:23,121 - DEBUG -   ✓ MANANA 2026-03-16: 4 personal (requiere 4)
2025-10-26 17:28:23,122 - DEBUG -   ✓ NOCHE 2026-03-16: 5 personal (requiere 3)
2025-10-26 17:28:23,122 - DEBUG -   ✓ TARDE 2026-03-16: 3 personal (requiere 3)
2025-10-26 17:28:23,123 - DEBUG -   ✓ TARDE 2026-03-17: 5 personal (requiere 3)
2025-10-26 17:28:23,123 - DEBUG -   ✓ NOCHE 2026-03-17: 7 personal (requiere 3)
2025-10-26 17:28:23,123 - DEBUG -   ✓ MANANA 2026-03-17: 4 personal (requiere 4)
2025-10-26 17:28:23,124 - DEBUG -   ✓ TARDE 2026-03-18: 6 personal (requiere 3)
2025-10-26 17:28:23,124 - DEBUG -   ✓ MANANA 2026-03-18: 4 personal (requiere 4)
2025-10-26 17:28:23,124 - DEBUG -   ✓ NOCHE 2026-03-18: 5 personal (requiere 3)
2025-10-26 17:28:23,125 - DEBUG -   ✓ MANANA 2026-03-19: 4 personal (requiere 4)
2025-10-26 17:28:23,125 - DEBUG -   ✓ TARDE 2026-03-19: 4 personal (requiere 3)
2025-10-26 17:28:23,125 - DEBUG -   ✓ NOCHE 2026-03-19: 5 personal (requiere 3)
2025-10-26 17:28:23,126 - DEBUG -   ✓ MANANA 2026-03-20: 4 personal (requiere 4)
2025-10-26 17:28:23,126 - DEBUG -   ✓ NOCHE 2026-03-20: 5 personal (requiere 3)
2025-10-26 17:28:23,126 - DEBUG -   ✓ TARDE 2026-03-20: 3 personal (requiere 3)
2025-10-26 17:28:23,127 - DEBUG -   ✓ TARDE 2026-03-21: 6 personal (requiere 3)
2025-10-26 17:28:23,127 - DEBUG -   ✓ MANANA 2026-03-21: 4 personal (requiere 4)
2025-10-26 17:28:23,127 - DEBUG -   ✓ NOCHE 2026-03-21: 4 personal (requiere 3)
2025-10-26 17:28:23,127 - DEBUG -   ✓ TARDE 2026-03-22: 5 personal (requiere 3)
2025-10-26 17:28:23,128 - DEBUG -   ✓ MANANA 2026-03-22: 4 personal (requiere 4)
2025-10-26 17:28:23,128 - DEBUG -   ✓ NOCHE 2026-03-22: 3 personal (requiere 3)
2025-10-26 17:28:23,128 - DEBUG -   ✓ NOCHE 2026-03-23: 3 personal (requiere 3)
2025-10-26 17:28:23,129 - DEBUG -   ✓ MANANA 2026-03-23: 4 personal (requiere 4)
2025-10-26 17:28:23,129 - DEBUG -   ✓ TARDE 2026-03-23: 5 personal (requiere 3)
2025-10-26 17:28:23,129 - DEBUG -   ✓ MANANA 2026-03-24: 4 personal (requiere 4)
2025-10-26 17:28:23,129 - DEBUG -   ✓ NOCHE 2026-03-24: 4 personal (requiere 3)
2025-10-26 17:28:23,130 - DEBUG -   ✓ TARDE 2026-03-24: 3 personal (requiere 3)
2025-10-26 17:28:23,130 - DEBUG -   ✓ TARDE 2026-03-25: 5 personal (requiere 3)
2025-10-26 17:28:23,130 - DEBUG -   ✓ NOCHE 2026-03-25: 3 personal (requiere 3)
2025-10-26 17:28:23,131 - DEBUG -   ✓ MANANA 2026-03-25: 4 personal (requiere 4)
2025-10-26 17:28:23,131 - DEBUG -   ✓ TARDE 2026-03-26: 5 personal (requiere 3)
2025-10-26 17:28:23,131 - DEBUG -   ✓ MANANA 2026-03-26: 4 personal (requiere 4)
2025-10-26 17:28:23,132 - DEBUG -   ✓ NOCHE 2026-03-26: 3 personal (requiere 3)
2025-10-26 17:28:23,132 - DEBUG -   ✓ NOCHE 2026-03-27: 3 personal (requiere 3)
2025-10-26 17:28:23,132 - DEBUG -   ✓ MANANA 2026-03-27: 4 personal (requiere 4)
2025-10-26 17:28:23,133 - DEBUG -   ✓ TARDE 2026-03-27: 4 personal (requiere 3)
2025-10-26 17:28:23,133 - DEBUG -   ✓ MANANA 2026-03-28: 4 personal (requiere 4)
2025-10-26 17:28:23,133 - DEBUG -   ✓ TARDE 2026-03-28: 3 personal (requiere 3)
2025-10-26 17:28:23,134 - DEBUG -   ✓ NOCHE 2026-03-28: 4 personal (requiere 3)
2025-10-26 17:28:23,134 - DEBUG -   ✓ MANANA 2026-03-29: 4 personal (requiere 4)
2025-10-26 17:28:23,134 - DEBUG -   ✓ TARDE 2026-03-29: 4 personal (requiere 3)
2025-10-26 17:28:23,134 - DEBUG -   ✓ NOCHE 2026-03-29: 3 personal (requiere 3)
2025-10-26 17:28:23,135 - DEBUG -   ✓ NOCHE 2026-03-30: 5 personal (requiere 3)
2025-10-26 17:28:23,135 - DEBUG -   ✓ MANANA 2026-03-30: 4 personal (requiere 4)
2025-10-26 17:28:23,135 - DEBUG -   ✓ TARDE 2026-03-30: 3 personal (requiere 3)
2025-10-26 17:28:23,135 - DEBUG -   ✓ TARDE 2026-03-31: 3 personal (requiere 3)
2025-10-26 17:28:23,136 - DEBUG -   ✓ NOCHE 2026-03-31: 7 personal (requiere 3)
2025-10-26 17:28:23,136 - DEBUG -   ✓ MANANA 2026-03-31: 4 personal (requiere 4)
2025-10-26 17:28:23,136 - DEBUG -   ✓ MANANA 2026-04-01: 5 personal (requiere 4)
2025-10-26 17:28:23,137 - DEBUG -   ✓ TARDE 2026-04-01: 3 personal (requiere 3)
2025-10-26 17:28:23,137 - DEBUG -   ✓ NOCHE 2026-04-01: 5 personal (requiere 3)
2025-10-26 17:28:23,137 - DEBUG -   ✓ NOCHE 2026-04-02: 4 personal (requiere 3)
2025-10-26 17:28:23,138 - DEBUG -   ✓ TARDE 2026-04-02: 4 personal (requiere 3)
2025-10-26 17:28:23,139 - DEBUG -   ✓ MANANA 2026-04-02: 4 personal (requiere 4)
2025-10-26 17:28:23,139 - DEBUG -   ✓ NOCHE 2026-04-03: 5 personal (requiere 3)
2025-10-26 17:28:23,140 - DEBUG -   ✓ MANANA 2026-04-03: 4 personal (requiere 4)
2025-10-26 17:28:23,140 - DEBUG -   ✓ TARDE 2026-04-03: 4 personal (requiere 3)
2025-10-26 17:28:23,140 - DEBUG -   ✓ MANANA 2026-04-04: 4 personal (requiere 4)
2025-10-26 17:28:23,141 - DEBUG -   ✓ TARDE 2026-04-04: 8 personal (requiere 3)
2025-10-26 17:28:23,141 - DEBUG -   ✓ NOCHE 2026-04-04: 3 personal (requiere 3)
2025-10-26 17:28:23,141 - DEBUG -   ✓ NOCHE 2026-04-05: 3 personal (requiere 3)
2025-10-26 17:28:23,141 - DEBUG -   ✓ MANANA 2026-04-05: 5 personal (requiere 4)
2025-10-26 17:28:23,142 - DEBUG -   ✓ TARDE 2026-04-05: 6 personal (requiere 3)
2025-10-26 17:28:23,142 - DEBUG -   ✓ TARDE 2026-04-06: 7 personal (requiere 3)
2025-10-26 17:28:23,142 - DEBUG -   ✓ MANANA 2026-04-06: 5 personal (requiere 4)
2025-10-26 17:28:23,143 - DEBUG -   ✓ NOCHE 2026-04-06: 4 personal (requiere 3)
2025-10-26 17:28:23,143 - DEBUG -   ✓ MANANA 2026-04-07: 4 personal (requiere 4)
2025-10-26 17:28:23,143 - DEBUG -   ✓ NOCHE 2026-04-07: 4 personal (requiere 3)
2025-10-26 17:28:23,144 - DEBUG -   ✓ TARDE 2026-04-07: 4 personal (requiere 3)
2025-10-26 17:28:23,144 - DEBUG -   ✓ NOCHE 2026-04-08: 5 personal (requiere 3)
2025-10-26 17:28:23,144 - DEBUG -   ✓ MANANA 2026-04-08: 4 personal (requiere 4)
2025-10-26 17:28:23,145 - DEBUG -   ✓ TARDE 2026-04-08: 4 personal (requiere 3)
2025-10-26 17:28:23,145 - DEBUG -   ✓ MANANA 2026-04-09: 4 personal (requiere 4)
2025-10-26 17:28:23,145 - DEBUG -   ✓ NOCHE 2026-04-09: 5 personal (requiere 3)
2025-10-26 17:28:23,146 - DEBUG -   ✓ TARDE 2026-04-09: 4 personal (requiere 3)
2025-10-26 17:28:23,146 - DEBUG -   ✓ NOCHE 2026-04-10: 6 personal (requiere 3)
2025-10-26 17:28:23,146 - DEBUG -   ✓ TARDE 2026-04-10: 6 personal (requiere 3)
2025-10-26 17:28:23,147 - DEBUG -   ✓ MANANA 2026-04-10: 4 personal (requiere 4)
2025-10-26 17:28:23,147 - DEBUG -   ✓ TARDE 2026-04-11: 8 personal (requiere 3)
2025-10-26 17:28:23,147 - DEBUG -   ✓ NOCHE 2026-04-11: 4 personal (requiere 3)
2025-10-26 17:28:23,148 - DEBUG -   ✓ MANANA 2026-04-11: 4 personal (requiere 4)
2025-10-26 17:28:23,148 - DEBUG -   ✓ NOCHE 2026-04-12: 3 personal (requiere 3)
2025-10-26 17:28:23,148 - DEBUG -   ✓ TARDE 2026-04-12: 4 personal (requiere 3)
2025-10-26 17:28:23,148 - DEBUG -   ✓ MANANA 2026-04-12: 5 personal (requiere 4)
2025-10-26 17:28:23,149 - DEBUG -   ✓ NOCHE 2026-04-13: 4 personal (requiere 3)
2025-10-26 17:28:23,149 - DEBUG -   ✓ MANANA 2026-04-13: 4 personal (requiere 4)
2025-10-26 17:28:23,149 - DEBUG -   ✓ TARDE 2026-04-13: 6 personal (requiere 3)
2025-10-26 17:28:23,150 - DEBUG -   ✓ TARDE 2026-04-14: 3 personal (requiere 3)
2025-10-26 17:28:23,150 - DEBUG -   ✓ MANANA 2026-04-14: 4 personal (requiere 4)
2025-10-26 17:28:23,150 - DEBUG -   ✓ NOCHE 2026-04-14: 5 personal (requiere 3)
2025-10-26 17:28:23,150 - DEBUG -   ✓ NOCHE 2026-04-15: 3 personal (requiere 3)
2025-10-26 17:28:23,151 - DEBUG -   ✓ MANANA 2026-04-15: 4 personal (requiere 4)
2025-10-26 17:28:23,151 - DEBUG -   ✓ TARDE 2026-04-15: 5 personal (requiere 3)
2025-10-26 17:28:23,151 - DEBUG -   ✓ NOCHE 2026-04-16: 4 personal (requiere 3)
2025-10-26 17:28:23,151 - DEBUG -   ✓ TARDE 2026-04-16: 5 personal (requiere 3)
2025-10-26 17:28:23,152 - DEBUG -   ✓ MANANA 2026-04-16: 6 personal (requiere 4)
2025-10-26 17:28:23,152 - DEBUG -   ✓ NOCHE 2026-04-17: 4 personal (requiere 3)
2025-10-26 17:28:23,152 - DEBUG -   ✓ MANANA 2026-04-17: 4 personal (requiere 4)
2025-10-26 17:28:23,152 - DEBUG -   ✓ TARDE 2026-04-17: 4 personal (requiere 3)
2025-10-26 17:28:23,153 - DEBUG -   ✓ NOCHE 2026-04-18: 8 personal (requiere 3)
2025-10-26 17:28:23,153 - DEBUG -   ✓ TARDE 2026-04-18: 4 personal (requiere 3)
2025-10-26 17:28:23,153 - DEBUG -   ✓ MANANA 2026-04-18: 4 personal (requiere 4)
2025-10-26 17:28:23,154 - DEBUG -   ✓ TARDE 2026-04-19: 8 personal (requiere 3)
2025-10-26 17:28:23,154 - DEBUG -   ✓ MANANA 2026-04-19: 4 personal (requiere 4)
2025-10-26 17:28:23,155 - DEBUG -   ✓ NOCHE 2026-04-19: 3 personal (requiere 3)
2025-10-26 17:28:23,155 - DEBUG -   ✓ NOCHE 2026-04-20: 3 personal (requiere 3)
2025-10-26 17:28:23,156 - DEBUG -   ✓ MANANA 2026-04-20: 4 personal (requiere 4)
2025-10-26 17:28:23,156 - DEBUG -   ✓ TARDE 2026-04-20: 4 personal (requiere 3)
2025-10-26 17:28:23,156 - DEBUG -   ✓ NOCHE 2026-04-21: 6 personal (requiere 3)
2025-10-26 17:28:23,157 - DEBUG -   ✓ MANANA 2026-04-21: 4 personal (requiere 4)
2025-10-26 17:28:23,157 - DEBUG -   ✓ TARDE 2026-04-21: 5 personal (requiere 3)
2025-10-26 17:28:23,157 - DEBUG -   ✓ NOCHE 2026-04-22: 4 personal (requiere 3)
2025-10-26 17:28:23,158 - DEBUG -   ✓ MANANA 2026-04-22: 4 personal (requiere 4)
2025-10-26 17:28:23,158 - DEBUG -   ✓ TARDE 2026-04-22: 5 personal (requiere 3)
2025-10-26 17:28:23,158 - DEBUG -   ✓ MANANA 2026-04-23: 4 personal (requiere 4)
2025-10-26 17:28:23,158 - DEBUG -   ✓ NOCHE 2026-04-23: 3 personal (requiere 3)
2025-10-26 17:28:23,159 - DEBUG -   ✓ TARDE 2026-04-23: 5 personal (requiere 3)
2025-10-26 17:28:23,159 - DEBUG -   ✓ TARDE 2026-04-24: 7 personal (requiere 3)
2025-10-26 17:28:23,159 - DEBUG -   ✓ NOCHE 2026-04-24: 3 personal (requiere 3)
2025-10-26 17:28:23,159 - DEBUG -   ✓ MANANA 2026-04-24: 5 personal (requiere 4)
2025-10-26 17:28:23,159 - DEBUG -   ✓ MANANA 2026-04-25: 5 personal (requiere 4)
2025-10-26 17:28:23,160 - DEBUG -   ✓ TARDE 2026-04-25: 5 personal (requiere 3)
2025-10-26 17:28:23,160 - DEBUG -   ✓ NOCHE 2026-04-25: 3 personal (requiere 3)
2025-10-26 17:28:23,160 - DEBUG -   ✓ MANANA 2026-04-26: 6 personal (requiere 4)
2025-10-26 17:28:23,160 - DEBUG -   ✓ NOCHE 2026-04-26: 3 personal (requiere 3)
2025-10-26 17:28:23,161 - DEBUG -   ✓ TARDE 2026-04-26: 4 personal (requiere 3)
2025-10-26 17:28:23,161 - DEBUG -   ✓ TARDE 2026-04-27: 4 personal (requiere 3)
2025-10-26 17:28:23,161 - DEBUG -   ✓ NOCHE 2026-04-27: 7 personal (requiere 3)
2025-10-26 17:28:23,161 - DEBUG -   ✓ MANANA 2026-04-27: 4 personal (requiere 4)
2025-10-26 17:28:23,162 - DEBUG -   ✓ TARDE 2026-04-28: 6 personal (requiere 3)
2025-10-26 17:28:23,162 - DEBUG -   ✓ MANANA 2026-04-28: 4 personal (requiere 4)
2025-10-26 17:28:23,162 - DEBUG -   ✓ NOCHE 2026-04-28: 4 personal (requiere 3)
2025-10-26 17:28:23,163 - DEBUG -   ✓ MANANA 2026-04-29: 4 personal (requiere 4)
2025-10-26 17:28:23,163 - DEBUG -   ✓ NOCHE 2026-04-29: 6 personal (requiere 3)
2025-10-26 17:28:23,163 - DEBUG -   ✓ TARDE 2026-04-29: 4 personal (requiere 3)
2025-10-26 17:28:23,163 - DEBUG -   ✓ MANANA 2026-04-30: 4 personal (requiere 4)
2025-10-26 17:28:23,164 - DEBUG -   ✓ TARDE 2026-04-30: 5 personal (requiere 3)
2025-10-26 17:28:23,164 - DEBUG -   ✓ NOCHE 2026-04-30: 3 personal (requiere 3)
2025-10-26 17:28:23,164 - DEBUG -   ✓ MANANA 2026-05-01: 5 personal (requiere 4)
2025-10-26 17:28:23,164 - DEBUG -   ✓ TARDE 2026-05-01: 3 personal (requiere 3)
2025-10-26 17:28:23,165 - DEBUG -   ✓ NOCHE 2026-05-01: 3 personal (requiere 3)
2025-10-26 17:28:23,165 - DEBUG -   ✓ NOCHE 2026-05-02: 5 personal (requiere 3)
2025-10-26 17:28:23,165 - DEBUG -   ✓ MANANA 2026-05-02: 4 personal (requiere 4)
2025-10-26 17:28:23,165 - DEBUG -   ✓ TARDE 2026-05-02: 4 personal (requiere 3)
2025-10-26 17:28:23,166 - DEBUG -   ✓ TARDE 2026-05-03: 6 personal (requiere 3)
2025-10-26 17:28:23,166 - DEBUG -   ✓ NOCHE 2026-05-03: 4 personal (requiere 3)
2025-10-26 17:28:23,166 - DEBUG -   ✓ MANANA 2026-05-03: 4 personal (requiere 4)
2025-10-26 17:28:23,166 - DEBUG -   ✓ MANANA 2026-05-04: 4 personal (requiere 4)
2025-10-26 17:28:23,167 - DEBUG -   ✓ NOCHE 2026-05-04: 4 personal (requiere 3)
2025-10-26 17:28:23,167 - DEBUG -   ✓ TARDE 2026-05-04: 8 personal (requiere 3)
2025-10-26 17:28:23,167 - DEBUG -   ✓ MANANA 2026-05-05: 4 personal (requiere 4)
2025-10-26 17:28:23,168 - DEBUG -   ✓ NOCHE 2026-05-05: 5 personal (requiere 3)
2025-10-26 17:28:23,168 - DEBUG -   ✓ TARDE 2026-05-05: 5 personal (requiere 3)
2025-10-26 17:28:23,168 - DEBUG -   ✓ MANANA 2026-05-06: 4 personal (requiere 4)
2025-10-26 17:28:23,169 - DEBUG -   ✓ NOCHE 2026-05-06: 5 personal (requiere 3)
2025-10-26 17:28:23,169 - DEBUG -   ✓ TARDE 2026-05-06: 7 personal (requiere 3)
2025-10-26 17:28:23,169 - DEBUG -   ✓ MANANA 2026-05-07: 4 personal (requiere 4)
2025-10-26 17:28:23,169 - DEBUG -   ✓ NOCHE 2026-05-07: 6 personal (requiere 3)
2025-10-26 17:28:23,170 - DEBUG -   ✓ TARDE 2026-05-07: 4 personal (requiere 3)
2025-10-26 17:28:23,170 - DEBUG -   ✓ NOCHE 2026-05-08: 3 personal (requiere 3)
2025-10-26 17:28:23,170 - DEBUG -   ✓ TARDE 2026-05-08: 5 personal (requiere 3)
2025-10-26 17:28:23,171 - DEBUG -   ✓ MANANA 2026-05-08: 5 personal (requiere 4)
2025-10-26 17:28:23,171 - DEBUG -   ✓ TARDE 2026-05-09: 3 personal (requiere 3)
2025-10-26 17:28:23,172 - DEBUG -   ✓ NOCHE 2026-05-09: 8 personal (requiere 3)
2025-10-26 17:28:23,172 - DEBUG -   ✓ MANANA 2026-05-09: 4 personal (requiere 4)
2025-10-26 17:28:23,172 - DEBUG -   ✓ NOCHE 2026-05-10: 7 personal (requiere 3)
2025-10-26 17:28:23,173 - DEBUG -   ✓ TARDE 2026-05-10: 6 personal (requiere 3)
2025-10-26 17:28:23,173 - DEBUG -   ✓ MANANA 2026-05-10: 4 personal (requiere 4)
2025-10-26 17:28:23,173 - DEBUG -   ✓ TARDE 2026-05-11: 5 personal (requiere 3)
2025-10-26 17:28:23,174 - DEBUG -   ✓ MANANA 2026-05-11: 4 personal (requiere 4)
2025-10-26 17:28:23,174 - DEBUG -   ✓ NOCHE 2026-05-11: 6 personal (requiere 3)
2025-10-26 17:28:23,174 - DEBUG -   ✓ MANANA 2026-05-12: 4 personal (requiere 4)
2025-10-26 17:28:23,175 - DEBUG -   ✓ TARDE 2026-05-12: 5 personal (requiere 3)
2025-10-26 17:28:23,175 - DEBUG -   ✓ NOCHE 2026-05-12: 4 personal (requiere 3)
2025-10-26 17:28:23,175 - DEBUG -   ✓ TARDE 2026-05-13: 4 personal (requiere 3)
2025-10-26 17:28:23,176 - DEBUG -   ✓ NOCHE 2026-05-13: 4 personal (requiere 3)
2025-10-26 17:28:23,176 - DEBUG -   ✓ MANANA 2026-05-13: 4 personal (requiere 4)
2025-10-26 17:28:23,176 - DEBUG -   ✓ MANANA 2026-05-14: 4 personal (requiere 4)
2025-10-26 17:28:23,177 - DEBUG -   ✓ NOCHE 2026-05-14: 3 personal (requiere 3)
2025-10-26 17:28:23,177 - DEBUG -   ✓ TARDE 2026-05-14: 3 personal (requiere 3)
2025-10-26 17:28:23,177 - DEBUG -   ✓ TARDE 2026-05-15: 5 personal (requiere 3)
2025-10-26 17:28:23,178 - DEBUG -   ✓ MANANA 2026-05-15: 4 personal (requiere 4)
2025-10-26 17:28:23,178 - DEBUG -   ✓ NOCHE 2026-05-15: 5 personal (requiere 3)
2025-10-26 17:28:23,178 - DEBUG -   ✓ MANANA 2026-05-16: 5 personal (requiere 4)
2025-10-26 17:28:23,178 - DEBUG -   ✓ NOCHE 2026-05-16: 3 personal (requiere 3)
2025-10-26 17:28:23,179 - DEBUG -   ✓ TARDE 2026-05-16: 4 personal (requiere 3)
2025-10-26 17:28:23,179 - DEBUG -   ✓ NOCHE 2026-05-17: 3 personal (requiere 3)
2025-10-26 17:28:23,179 - DEBUG -   ✓ MANANA 2026-05-17: 5 personal (requiere 4)
2025-10-26 17:28:23,180 - DEBUG -   ✓ TARDE 2026-05-17: 3 personal (requiere 3)
2025-10-26 17:28:23,180 - DEBUG -   ✓ NOCHE 2026-05-18: 8 personal (requiere 3)
2025-10-26 17:28:23,180 - DEBUG -   ✓ MANANA 2026-05-18: 4 personal (requiere 4)
2025-10-26 17:28:23,180 - DEBUG -   ✓ TARDE 2026-05-18: 4 personal (requiere 3)
2025-10-26 17:28:23,181 - DEBUG -   ✓ TARDE 2026-05-19: 6 personal (requiere 3)
2025-10-26 17:28:23,181 - DEBUG -   ✓ MANANA 2026-05-19: 4 personal (requiere 4)
2025-10-26 17:28:23,181 - DEBUG -   ✓ NOCHE 2026-05-19: 4 personal (requiere 3)
2025-10-26 17:28:23,182 - DEBUG -   ✓ MANANA 2026-05-20: 4 personal (requiere 4)
2025-10-26 17:28:23,182 - DEBUG -   ✓ NOCHE 2026-05-20: 3 personal (requiere 3)
2025-10-26 17:28:23,182 - DEBUG -   ✓ TARDE 2026-05-20: 4 personal (requiere 3)
2025-10-26 17:28:23,183 - DEBUG -   ✓ MANANA 2026-05-21: 4 personal (requiere 4)
2025-10-26 17:28:23,183 - DEBUG -   ✓ NOCHE 2026-05-21: 4 personal (requiere 3)
2025-10-26 17:28:23,183 - DEBUG -   ✓ TARDE 2026-05-21: 3 personal (requiere 3)
2025-10-26 17:28:23,183 - DEBUG -   ✓ NOCHE 2026-05-22: 5 personal (requiere 3)
2025-10-26 17:28:23,184 - DEBUG -   ✓ MANANA 2026-05-22: 4 personal (requiere 4)
2025-10-26 17:28:23,184 - DEBUG -   ✓ TARDE 2026-05-22: 5 personal (requiere 3)
2025-10-26 17:28:23,184 - DEBUG -   ✓ NOCHE 2026-05-23: 6 personal (requiere 3)
2025-10-26 17:28:23,185 - DEBUG -   ✓ TARDE 2026-05-23: 5 personal (requiere 3)
2025-10-26 17:28:23,185 - DEBUG -   ✓ MANANA 2026-05-23: 4 personal (requiere 4)
2025-10-26 17:28:23,185 - DEBUG -   ✓ NOCHE 2026-05-24: 4 personal (requiere 3)
2025-10-26 17:28:23,185 - DEBUG -   ✓ MANANA 2026-05-24: 4 personal (requiere 4)
2025-10-26 17:28:23,186 - DEBUG -   ✓ TARDE 2026-05-24: 7 personal (requiere 3)
2025-10-26 17:28:23,186 - DEBUG -   ✓ TARDE 2026-05-25: 6 personal (requiere 3)
2025-10-26 17:28:23,186 - DEBUG -   ✓ MANANA 2026-05-25: 4 personal (requiere 4)
2025-10-26 17:28:23,186 - DEBUG -   ✓ NOCHE 2026-05-25: 5 personal (requiere 3)
2025-10-26 17:28:23,187 - DEBUG -   ✓ MANANA 2026-05-26: 4 personal (requiere 4)
2025-10-26 17:28:23,187 - DEBUG -   ✓ TARDE 2026-05-26: 4 personal (requiere 3)
2025-10-26 17:28:23,188 - DEBUG -   ✓ NOCHE 2026-05-26: 4 personal (requiere 3)
2025-10-26 17:28:23,188 - DEBUG -   ✓ MANANA 2026-05-27: 4 personal (requiere 4)
2025-10-26 17:28:23,188 - DEBUG -   ✓ TARDE 2026-05-27: 4 personal (requiere 3)
2025-10-26 17:28:23,189 - DEBUG -   ✓ NOCHE 2026-05-27: 4 personal (requiere 3)
2025-10-26 17:28:23,189 - DEBUG -   ✓ NOCHE 2026-05-28: 6 personal (requiere 3)
2025-10-26 17:28:23,190 - DEBUG -   ✓ TARDE 2026-05-28: 3 personal (requiere 3)
2025-10-26 17:28:23,190 - DEBUG -   ✓ MANANA 2026-05-28: 4 personal (requiere 4)
2025-10-26 17:28:23,190 - DEBUG -   ✓ TARDE 2026-05-29: 7 personal (requiere 3)
2025-10-26 17:28:23,190 - DEBUG -   ✓ NOCHE 2026-05-29: 4 personal (requiere 3)
2025-10-26 17:28:23,191 - DEBUG -   ✓ MANANA 2026-05-29: 4 personal (requiere 4)
2025-10-26 17:28:23,191 - DEBUG -   ✓ MANANA 2026-05-30: 4 personal (requiere 4)
2025-10-26 17:28:23,191 - DEBUG -   ✓ NOCHE 2026-05-30: 4 personal (requiere 3)
2025-10-26 17:28:23,191 - DEBUG -   ✓ TARDE 2026-05-30: 4 personal (requiere 3)
2025-10-26 17:28:23,192 - DEBUG -   ✓ TARDE 2026-05-31: 4 personal (requiere 3)
2025-10-26 17:28:23,192 - DEBUG -   ✓ NOCHE 2026-05-31: 3 personal (requiere 3)
2025-10-26 17:28:23,192 - DEBUG -   ✓ MANANA 2026-05-31: 5 personal (requiere 4)
2025-10-26 17:28:23,193 - DEBUG -   ✓ MANANA 2026-06-01: 4 personal (requiere 4)
2025-10-26 17:28:23,193 - DEBUG -   ✓ TARDE 2026-06-01: 4 personal (requiere 3)
2025-10-26 17:28:23,193 - DEBUG -   ✓ NOCHE 2026-06-01: 4 personal (requiere 3)
2025-10-26 17:28:23,194 - DEBUG -   ✓ TARDE 2026-06-02: 5 personal (requiere 3)
2025-10-26 17:28:23,194 - DEBUG -   ✓ NOCHE 2026-06-02: 5 personal (requiere 3)
2025-10-26 17:28:23,194 - DEBUG -   ✓ MANANA 2026-06-02: 5 personal (requiere 4)
2025-10-26 17:28:23,194 - DEBUG -   ✓ MANANA 2026-06-03: 4 personal (requiere 4)
2025-10-26 17:28:23,195 - DEBUG -   ✓ TARDE 2026-06-03: 5 personal (requiere 3)
2025-10-26 17:28:23,195 - DEBUG -   ✓ NOCHE 2026-06-03: 6 personal (requiere 3)
2025-10-26 17:28:23,195 - DEBUG -   ✓ MANANA 2026-06-04: 4 personal (requiere 4)
2025-10-26 17:28:23,196 - DEBUG -   ✓ NOCHE 2026-06-04: 3 personal (requiere 3)
2025-10-26 17:28:23,196 - DEBUG -   ✓ TARDE 2026-06-04: 3 personal (requiere 3)
2025-10-26 17:28:23,196 - DEBUG -   ✓ MANANA 2026-06-05: 4 personal (requiere 4)
2025-10-26 17:28:23,196 - DEBUG -   ✓ NOCHE 2026-06-05: 4 personal (requiere 3)
2025-10-26 17:28:23,197 - DEBUG -   ✓ TARDE 2026-06-05: 4 personal (requiere 3)
2025-10-26 17:28:23,197 - DEBUG -   ✓ TARDE 2026-06-06: 5 personal (requiere 3)
2025-10-26 17:28:23,197 - DEBUG -   ✓ MANANA 2026-06-06: 4 personal (requiere 4)
2025-10-26 17:28:23,198 - DEBUG -   ✓ NOCHE 2026-06-06: 4 personal (requiere 3)
2025-10-26 17:28:23,198 - DEBUG -   ✓ MANANA 2026-06-07: 4 personal (requiere 4)
2025-10-26 17:28:23,198 - DEBUG -   ✓ TARDE 2026-06-07: 4 personal (requiere 3)
2025-10-26 17:28:23,198 - DEBUG -   ✓ NOCHE 2026-06-07: 3 personal (requiere 3)
2025-10-26 17:28:23,199 - DEBUG -   ✓ MANANA 2026-06-08: 5 personal (requiere 4)
2025-10-26 17:28:23,199 - DEBUG -   ✓ NOCHE 2026-06-08: 8 personal (requiere 3)
2025-10-26 17:28:23,199 - DEBUG -   ✓ TARDE 2026-06-08: 3 personal (requiere 3)
2025-10-26 17:28:23,200 - DEBUG -   ✓ MANANA 2026-06-09: 4 personal (requiere 4)
2025-10-26 17:28:23,200 - DEBUG -   ✓ TARDE 2026-06-09: 5 personal (requiere 3)
2025-10-26 17:28:23,200 - DEBUG -   ✓ NOCHE 2026-06-09: 6 personal (requiere 3)
2025-10-26 17:28:23,200 - DEBUG -   ✓ NOCHE 2026-06-10: 3 personal (requiere 3)
2025-10-26 17:28:23,201 - DEBUG -   ✓ TARDE 2026-06-10: 6 personal (requiere 3)
2025-10-26 17:28:23,201 - DEBUG -   ✓ MANANA 2026-06-10: 4 personal (requiere 4)
2025-10-26 17:28:23,201 - DEBUG -   ✓ NOCHE 2026-06-11: 5 personal (requiere 3)
2025-10-26 17:28:23,201 - DEBUG -   ✓ MANANA 2026-06-11: 4 personal (requiere 4)
2025-10-26 17:28:23,202 - DEBUG -   ✓ TARDE 2026-06-11: 4 personal (requiere 3)
2025-10-26 17:28:23,202 - DEBUG -   ✓ MANANA 2026-06-12: 4 personal (requiere 4)
2025-10-26 17:28:23,202 - DEBUG -   ✓ NOCHE 2026-06-12: 3 personal (requiere 3)
2025-10-26 17:28:23,203 - DEBUG -   ✓ TARDE 2026-06-12: 4 personal (requiere 3)
2025-10-26 17:28:23,203 - DEBUG -   ✓ NOCHE 2026-06-13: 4 personal (requiere 3)
2025-10-26 17:28:23,203 - DEBUG -   ✓ MANANA 2026-06-13: 4 personal (requiere 4)
2025-10-26 17:28:23,203 - DEBUG -   ✓ TARDE 2026-06-13: 5 personal (requiere 3)
2025-10-26 17:28:23,204 - DEBUG -   ✓ NOCHE 2026-06-14: 3 personal (requiere 3)
2025-10-26 17:28:23,204 - DEBUG -   ✓ MANANA 2026-06-14: 4 personal (requiere 4)
2025-10-26 17:28:23,205 - DEBUG -   ✓ TARDE 2026-06-14: 6 personal (requiere 3)
2025-10-26 17:28:23,205 - DEBUG -   ✓ TARDE 2026-06-15: 4 personal (requiere 3)
2025-10-26 17:28:23,206 - DEBUG -   ✓ NOCHE 2026-06-15: 3 personal (requiere 3)
2025-10-26 17:28:23,206 - DEBUG -   ✓ MANANA 2026-06-15: 5 personal (requiere 4)
2025-10-26 17:28:23,206 - DEBUG -   ✓ MANANA 2026-06-16: 4 personal (requiere 4)
2025-10-26 17:28:23,207 - DEBUG -   ✓ TARDE 2026-06-16: 7 personal (requiere 3)
2025-10-26 17:28:23,207 - DEBUG -   ✓ NOCHE 2026-06-16: 7 personal (requiere 3)
2025-10-26 17:28:23,207 - DEBUG -   ✓ MANANA 2026-06-17: 4 personal (requiere 4)
2025-10-26 17:28:23,208 - DEBUG -   ✓ TARDE 2026-06-17: 4 personal (requiere 3)
2025-10-26 17:28:23,208 - DEBUG -   ✓ NOCHE 2026-06-17: 5 personal (requiere 3)
2025-10-26 17:28:23,208 - DEBUG -   ✓ TARDE 2026-06-18: 6 personal (requiere 3)
2025-10-26 17:28:23,209 - DEBUG -   ✓ NOCHE 2026-06-18: 4 personal (requiere 3)
2025-10-26 17:28:23,209 - DEBUG -   ✓ MANANA 2026-06-18: 4 personal (requiere 4)
2025-10-26 17:28:23,209 - DEBUG -   ✓ MANANA 2026-06-19: 5 personal (requiere 4)
2025-10-26 17:28:23,210 - DEBUG -   ✓ NOCHE 2026-06-19: 6 personal (requiere 3)
2025-10-26 17:28:23,210 - DEBUG -   ✓ TARDE 2026-06-19: 5 personal (requiere 3)
2025-10-26 17:28:23,210 - DEBUG -   ✓ MANANA 2026-06-20: 5 personal (requiere 4)
2025-10-26 17:28:23,211 - DEBUG -   ✓ TARDE 2026-06-20: 6 personal (requiere 3)
2025-10-26 17:28:23,211 - DEBUG -   ✓ NOCHE 2026-06-20: 3 personal (requiere 3)
2025-10-26 17:28:23,211 - DEBUG -   ✓ TARDE 2026-06-21: 3 personal (requiere 3)
2025-10-26 17:28:23,211 - DEBUG -   ✓ NOCHE 2026-06-21: 8 personal (requiere 3)
2025-10-26 17:28:23,212 - DEBUG -   ✓ MANANA 2026-06-21: 4 personal (requiere 4)
2025-10-26 17:28:23,212 - DEBUG -   ✓ MANANA 2026-06-22: 4 personal (requiere 4)
2025-10-26 17:28:23,212 - DEBUG -   ✓ NOCHE 2026-06-22: 3 personal (requiere 3)
2025-10-26 17:28:23,213 - DEBUG -   ✓ TARDE 2026-06-22: 5 personal (requiere 3)
2025-10-26 17:28:23,213 - DEBUG -   ✓ MANANA 2026-06-23: 7 personal (requiere 4)
2025-10-26 17:28:23,213 - DEBUG -   ✓ TARDE 2026-06-23: 3 personal (requiere 3)
2025-10-26 17:28:23,214 - DEBUG -   ✓ NOCHE 2026-06-23: 4 personal (requiere 3)
2025-10-26 17:28:23,214 - DEBUG -   ✓ MANANA 2026-06-24: 4 personal (requiere 4)
2025-10-26 17:28:23,214 - DEBUG -   ✓ TARDE 2026-06-24: 6 personal (requiere 3)
2025-10-26 17:28:23,215 - DEBUG -   ✓ NOCHE 2026-06-24: 3 personal (requiere 3)
2025-10-26 17:28:23,215 - DEBUG -   ✓ TARDE 2026-06-25: 4 personal (requiere 3)
2025-10-26 17:28:23,215 - DEBUG -   ✓ MANANA 2026-06-25: 7 personal (requiere 4)
2025-10-26 17:28:23,215 - DEBUG -   ✓ NOCHE 2026-06-25: 4 personal (requiere 3)
2025-10-26 17:28:23,216 - DEBUG -   ✓ NOCHE 2026-06-26: 4 personal (requiere 3)
2025-10-26 17:28:23,216 - DEBUG -   ✓ TARDE 2026-06-26: 5 personal (requiere 3)
2025-10-26 17:28:23,216 - DEBUG -   ✓ MANANA 2026-06-26: 5 personal (requiere 4)
2025-10-26 17:28:23,216 - DEBUG -   ✓ MANANA 2026-06-27: 4 personal (requiere 4)
2025-10-26 17:28:23,217 - DEBUG -   ✓ TARDE 2026-06-27: 5 personal (requiere 3)
2025-10-26 17:28:23,217 - DEBUG -   ✓ NOCHE 2026-06-27: 5 personal (requiere 3)
2025-10-26 17:28:23,217 - DEBUG -   ✓ MANANA 2026-06-28: 4 personal (requiere 4)
2025-10-26 17:28:23,218 - DEBUG -   ✓ TARDE 2026-06-28: 8 personal (requiere 3)
2025-10-26 17:28:23,218 - DEBUG -   ✓ NOCHE 2026-06-28: 4 personal (requiere 3)
2025-10-26 17:28:23,218 - DEBUG -   ✓ MANANA 2026-06-29: 4 personal (requiere 4)
2025-10-26 17:28:23,218 - DEBUG -   ✓ NOCHE 2026-06-29: 5 personal (requiere 3)
2025-10-26 17:28:23,219 - DEBUG -   ✓ TARDE 2026-06-29: 6 personal (requiere 3)
2025-10-26 17:28:23,219 - DEBUG -   ✓ TARDE 2026-06-30: 6 personal (requiere 3)
2025-10-26 17:28:23,219 - DEBUG -   ✓ MANANA 2026-06-30: 4 personal (requiere 4)
2025-10-26 17:28:23,220 - DEBUG -   ✓ NOCHE 2026-06-30: 5 personal (requiere 3)
2025-10-26 17:28:23,220 - DEBUG -   ✓ MANANA 2026-07-01: 5 personal (requiere 4)
2025-10-26 17:28:23,220 - DEBUG -   ✓ NOCHE 2026-07-01: 5 personal (requiere 3)
2025-10-26 17:28:23,221 - DEBUG -   ✓ TARDE 2026-07-01: 5 personal (requiere 3)
2025-10-26 17:28:23,221 - DEBUG -   ✓ MANANA 2026-07-02: 4 personal (requiere 4)
2025-10-26 17:28:23,222 - DEBUG -   ✓ NOCHE 2026-07-02: 3 personal (requiere 3)
2025-10-26 17:28:23,222 - DEBUG -   ✓ TARDE 2026-07-02: 8 personal (requiere 3)
2025-10-26 17:28:23,223 - DEBUG -   ✓ TARDE 2026-07-03: 6 personal (requiere 3)
2025-10-26 17:28:23,223 - DEBUG -   ✓ NOCHE 2026-07-03: 4 personal (requiere 3)
2025-10-26 17:28:23,223 - DEBUG -   ✓ MANANA 2026-07-03: 4 personal (requiere 4)
2025-10-26 17:28:23,224 - DEBUG -   ✓ MANANA 2026-07-04: 4 personal (requiere 4)
2025-10-26 17:28:23,224 - DEBUG -   ✓ TARDE 2026-07-04: 7 personal (requiere 3)
2025-10-26 17:28:23,224 - DEBUG -   ✓ NOCHE 2026-07-04: 3 personal (requiere 3)
2025-10-26 17:28:23,224 - DEBUG -   ✓ TARDE 2026-07-05: 5 personal (requiere 3)
2025-10-26 17:28:23,225 - DEBUG -   ✓ NOCHE 2026-07-05: 5 personal (requiere 3)
2025-10-26 17:28:23,225 - DEBUG -   ✓ MANANA 2026-07-05: 5 personal (requiere 4)
2025-10-26 17:28:23,225 - DEBUG -   ✓ NOCHE 2026-07-06: 3 personal (requiere 3)
2025-10-26 17:28:23,225 - DEBUG -   ✓ TARDE 2026-07-06: 7 personal (requiere 3)
2025-10-26 17:28:23,226 - DEBUG -   ✓ MANANA 2026-07-06: 4 personal (requiere 4)
2025-10-26 17:28:23,226 - DEBUG -   ✓ TARDE 2026-07-07: 7 personal (requiere 3)
2025-10-26 17:28:23,226 - DEBUG -   ✓ NOCHE 2026-07-07: 5 personal (requiere 3)
2025-10-26 17:28:23,227 - DEBUG -   ✓ MANANA 2026-07-07: 4 personal (requiere 4)
2025-10-26 17:28:23,227 - DEBUG -   ✓ MANANA 2026-07-08: 4 personal (requiere 4)
2025-10-26 17:28:23,227 - DEBUG -   ✓ TARDE 2026-07-08: 3 personal (requiere 3)
2025-10-26 17:28:23,228 - DEBUG -   ✓ NOCHE 2026-07-08: 8 personal (requiere 3)
2025-10-26 17:28:23,228 - DEBUG -   ✓ NOCHE 2026-07-09: 6 personal (requiere 3)
2025-10-26 17:28:23,228 - DEBUG -   ✓ MANANA 2026-07-09: 4 personal (requiere 4)
2025-10-26 17:28:23,228 - DEBUG -   ✓ TARDE 2026-07-09: 6 personal (requiere 3)
2025-10-26 17:28:23,229 - DEBUG -   ✓ TARDE 2026-07-10: 5 personal (requiere 3)
2025-10-26 17:28:23,229 - DEBUG -   ✓ NOCHE 2026-07-10: 4 personal (requiere 3)
2025-10-26 17:28:23,229 - DEBUG -   ✓ MANANA 2026-07-10: 5 personal (requiere 4)
2025-10-26 17:28:23,230 - DEBUG -   ✓ TARDE 2026-07-11: 8 personal (requiere 3)
2025-10-26 17:28:23,230 - DEBUG -   ✓ NOCHE 2026-07-11: 4 personal (requiere 3)
2025-10-26 17:28:23,230 - DEBUG -   ✓ MANANA 2026-07-11: 4 personal (requiere 4)
2025-10-26 17:28:23,230 - DEBUG -   ✓ TARDE 2026-07-12: 6 personal (requiere 3)
2025-10-26 17:28:23,231 - DEBUG -   ✓ NOCHE 2026-07-12: 3 personal (requiere 3)
2025-10-26 17:28:23,231 - DEBUG -   ✓ MANANA 2026-07-12: 4 personal (requiere 4)
2025-10-26 17:28:23,231 - DEBUG -   ✓ TARDE 2026-07-13: 3 personal (requiere 3)
2025-10-26 17:28:23,232 - DEBUG -   ✓ MANANA 2026-07-13: 6 personal (requiere 4)
2025-10-26 17:28:23,232 - DEBUG -   ✓ NOCHE 2026-07-13: 6 personal (requiere 3)
2025-10-26 17:28:23,232 - DEBUG -   ✓ MANANA 2026-07-14: 4 personal (requiere 4)
2025-10-26 17:28:23,232 - DEBUG -   ✓ NOCHE 2026-07-14: 8 personal (requiere 3)
2025-10-26 17:28:23,233 - DEBUG -   ✓ TARDE 2026-07-14: 4 personal (requiere 3)
2025-10-26 17:28:23,233 - DEBUG -   ✓ NOCHE 2026-07-15: 4 personal (requiere 3)
2025-10-26 17:28:23,233 - DEBUG -   ✓ MANANA 2026-07-15: 5 personal (requiere 4)
2025-10-26 17:28:23,234 - DEBUG -   ✓ TARDE 2026-07-15: 7 personal (requiere 3)
2025-10-26 17:28:23,234 - DEBUG -   ✓ TARDE 2026-07-16: 4 personal (requiere 3)
2025-10-26 17:28:23,234 - DEBUG -   ✓ MANANA 2026-07-16: 6 personal (requiere 4)
2025-10-26 17:28:23,235 - DEBUG -   ✓ NOCHE 2026-07-16: 5 personal (requiere 3)
2025-10-26 17:28:23,235 - DEBUG -   ✓ MANANA 2026-07-17: 4 personal (requiere 4)
2025-10-26 17:28:23,235 - DEBUG -   ✓ NOCHE 2026-07-17: 6 personal (requiere 3)
2025-10-26 17:28:23,236 - DEBUG -   ✓ TARDE 2026-07-17: 3 personal (requiere 3)
2025-10-26 17:28:23,236 - DEBUG -   ✓ NOCHE 2026-07-18: 5 personal (requiere 3)
2025-10-26 17:28:23,236 - DEBUG -   ✓ TARDE 2026-07-18: 3 personal (requiere 3)
2025-10-26 17:28:23,237 - DEBUG -   ✓ MANANA 2026-07-18: 5 personal (requiere 4)
2025-10-26 17:28:23,237 - DEBUG -   ✓ TARDE 2026-07-19: 9 personal (requiere 3)
2025-10-26 17:28:23,238 - DEBUG -   ✓ NOCHE 2026-07-19: 3 personal (requiere 3)
2025-10-26 17:28:23,239 - DEBUG -   ✓ MANANA 2026-07-19: 4 personal (requiere 4)
2025-10-26 17:28:23,239 - DEBUG -   ✓ MANANA 2026-07-20: 6 personal (requiere 4)
2025-10-26 17:28:23,240 - DEBUG -   ✓ TARDE 2026-07-20: 4 personal (requiere 3)
2025-10-26 17:28:23,240 - DEBUG -   ✓ NOCHE 2026-07-20: 3 personal (requiere 3)
2025-10-26 17:28:23,240 - DEBUG -   ✓ TARDE 2026-07-21: 8 personal (requiere 3)
2025-10-26 17:28:23,241 - DEBUG -   ✓ NOCHE 2026-07-21: 5 personal (requiere 3)
2025-10-26 17:28:23,241 - DEBUG -   ✓ MANANA 2026-07-21: 5 personal (requiere 4)
2025-10-26 17:28:23,241 - DEBUG -   ✓ TARDE 2026-07-22: 8 personal (requiere 3)
2025-10-26 17:28:23,241 - DEBUG -   ✓ NOCHE 2026-07-22: 3 personal (requiere 3)
2025-10-26 17:28:23,242 - DEBUG -   ✓ MANANA 2026-07-22: 7 personal (requiere 4)
2025-10-26 17:28:23,242 - DEBUG -   ✓ MANANA 2026-07-23: 4 personal (requiere 4)
2025-10-26 17:28:23,242 - DEBUG -   ✓ NOCHE 2026-07-23: 6 personal (requiere 3)
2025-10-26 17:28:23,243 - DEBUG -   ✓ TARDE 2026-07-23: 5 personal (requiere 3)
2025-10-26 17:28:23,243 - DEBUG -   ✓ TARDE 2026-07-24: 5 personal (requiere 3)
2025-10-26 17:28:23,243 - DEBUG -   ✓ NOCHE 2026-07-24: 7 personal (requiere 3)
2025-10-26 17:28:23,244 - DEBUG -   ✓ MANANA 2026-07-24: 4 personal (requiere 4)
2025-10-26 17:28:23,244 - DEBUG -   ✓ TARDE 2026-07-25: 4 personal (requiere 3)
2025-10-26 17:28:23,244 - DEBUG -   ✓ MANANA 2026-07-25: 4 personal (requiere 4)
2025-10-26 17:28:23,244 - DEBUG -   ✓ NOCHE 2026-07-25: 4 personal (requiere 3)
2025-10-26 17:28:23,245 - DEBUG -   ✓ MANANA 2026-07-26: 4 personal (requiere 4)
2025-10-26 17:28:23,245 - DEBUG -   ✓ TARDE 2026-07-26: 7 personal (requiere 3)
2025-10-26 17:28:23,245 - DEBUG -   ✓ NOCHE 2026-07-26: 3 personal (requiere 3)
2025-10-26 17:28:23,246 - DEBUG -   ✓ NOCHE 2026-07-27: 6 personal (requiere 3)
2025-10-26 17:28:23,246 - DEBUG -   ✓ TARDE 2026-07-27: 5 personal (requiere 3)
2025-10-26 17:28:23,246 - DEBUG -   ✓ MANANA 2026-07-27: 5 personal (requiere 4)
2025-10-26 17:28:23,247 - DEBUG -   ✓ NOCHE 2026-07-28: 3 personal (requiere 3)
2025-10-26 17:28:23,247 - DEBUG -   ✓ MANANA 2026-07-28: 6 personal (requiere 4)
2025-10-26 17:28:23,247 - DEBUG -   ✓ TARDE 2026-07-28: 9 personal (requiere 3)
2025-10-26 17:28:23,248 - DEBUG -   ✓ TARDE 2026-07-29: 5 personal (requiere 3)
2025-10-26 17:28:23,248 - DEBUG -   ✓ MANANA 2026-07-29: 5 personal (requiere 4)
2025-10-26 17:28:23,248 - DEBUG -   ✓ NOCHE 2026-07-29: 4 personal (requiere 3)
2025-10-26 17:28:23,248 - DEBUG -   ✓ MANANA 2026-07-30: 4 personal (requiere 4)
2025-10-26 17:28:23,249 - DEBUG -   ✓ NOCHE 2026-07-30: 4 personal (requiere 3)
2025-10-26 17:28:23,249 - DEBUG -   ✓ TARDE 2026-07-30: 5 personal (requiere 3)
2025-10-26 17:28:23,249 - DEBUG -   ✓ MANANA 2026-07-31: 4 personal (requiere 4)
2025-10-26 17:28:23,250 - DEBUG -   ✓ TARDE 2026-07-31: 7 personal (requiere 3)
2025-10-26 17:28:23,250 - DEBUG -   ✓ NOCHE 2026-07-31: 5 personal (requiere 3)
2025-10-26 17:28:23,250 - DEBUG -   ✓ MANANA 2026-08-01: 4 personal (requiere 4)
2025-10-26 17:28:23,251 - DEBUG -   ✓ NOCHE 2026-08-01: 9 personal (requiere 3)
2025-10-26 17:28:23,251 - DEBUG -   ✓ TARDE 2026-08-01: 4 personal (requiere 3)
2025-10-26 17:28:23,251 - DEBUG -   ✓ TARDE 2026-08-02: 4 personal (requiere 3)
2025-10-26 17:28:23,251 - DEBUG -   ✓ MANANA 2026-08-02: 4 personal (requiere 4)
2025-10-26 17:28:23,252 - DEBUG -   ✓ NOCHE 2026-08-02: 5 personal (requiere 3)
2025-10-26 17:28:23,252 - DEBUG -   ✓ TARDE 2026-08-03: 4 personal (requiere 3)
2025-10-26 17:28:23,252 - DEBUG -   ✓ MANANA 2026-08-03: 6 personal (requiere 4)
2025-10-26 17:28:23,253 - DEBUG -   ✓ NOCHE 2026-08-03: 5 personal (requiere 3)
2025-10-26 17:28:23,253 - DEBUG -   ✓ TARDE 2026-08-04: 5 personal (requiere 3)
2025-10-26 17:28:23,253 - DEBUG -   ✓ MANANA 2026-08-04: 4 personal (requiere 4)
2025-10-26 17:28:23,254 - DEBUG -   ✓ NOCHE 2026-08-04: 5 personal (requiere 3)
2025-10-26 17:28:23,254 - DEBUG -   ✓ TARDE 2026-08-05: 7 personal (requiere 3)
2025-10-26 17:28:23,254 - DEBUG -   ✓ NOCHE 2026-08-05: 3 personal (requiere 3)
2025-10-26 17:28:23,254 - DEBUG -   ✓ MANANA 2026-08-05: 4 personal (requiere 4)
2025-10-26 17:28:23,255 - DEBUG -   ✓ MANANA 2026-08-06: 4 personal (requiere 4)
2025-10-26 17:28:23,255 - DEBUG -   ✓ TARDE 2026-08-06: 5 personal (requiere 3)
2025-10-26 17:28:23,255 - DEBUG -   ✓ NOCHE 2026-08-06: 6 personal (requiere 3)
2025-10-26 17:28:23,256 - DEBUG -   ✓ TARDE 2026-08-07: 7 personal (requiere 3)
2025-10-26 17:28:23,256 - DEBUG -   ✓ MANANA 2026-08-07: 5 personal (requiere 4)
2025-10-26 17:28:23,256 - DEBUG -   ✓ NOCHE 2026-08-07: 3 personal (requiere 3)
2025-10-26 17:28:23,257 - DEBUG -   ✓ NOCHE 2026-08-08: 7 personal (requiere 3)
2025-10-26 17:28:23,257 - DEBUG -   ✓ MANANA 2026-08-08: 4 personal (requiere 4)
2025-10-26 17:28:23,257 - DEBUG -   ✓ TARDE 2026-08-08: 4 personal (requiere 3)
2025-10-26 17:28:23,257 - DEBUG -   ✓ NOCHE 2026-08-09: 7 personal (requiere 3)
2025-10-26 17:28:23,258 - DEBUG -   ✓ TARDE 2026-08-09: 4 personal (requiere 3)
2025-10-26 17:28:23,258 - DEBUG -   ✓ MANANA 2026-08-09: 4 personal (requiere 4)
2025-10-26 17:28:23,258 - DEBUG -   ✓ TARDE 2026-08-10: 5 personal (requiere 3)
2025-10-26 17:28:23,259 - DEBUG -   ✓ MANANA 2026-08-10: 4 personal (requiere 4)
2025-10-26 17:28:23,259 - DEBUG -   ✓ NOCHE 2026-08-10: 3 personal (requiere 3)
2025-10-26 17:28:23,259 - DEBUG -   ✓ MANANA 2026-08-11: 4 personal (requiere 4)
2025-10-26 17:28:23,260 - DEBUG -   ✓ TARDE 2026-08-11: 6 personal (requiere 3)
2025-10-26 17:28:23,260 - DEBUG -   ✓ NOCHE 2026-08-11: 5 personal (requiere 3)
2025-10-26 17:28:23,260 - DEBUG -   ✓ MANANA 2026-08-12: 4 personal (requiere 4)
2025-10-26 17:28:23,261 - DEBUG -   ✓ TARDE 2026-08-12: 7 personal (requiere 3)
2025-10-26 17:28:23,261 - DEBUG -   ✓ NOCHE 2026-08-12: 4 personal (requiere 3)
2025-10-26 17:28:23,261 - DEBUG -   ✓ MANANA 2026-08-13: 4 personal (requiere 4)
2025-10-26 17:28:23,261 - DEBUG -   ✓ TARDE 2026-08-13: 8 personal (requiere 3)
2025-10-26 17:28:23,262 - DEBUG -   ✓ NOCHE 2026-08-13: 4 personal (requiere 3)
2025-10-26 17:28:23,262 - DEBUG -   ✓ TARDE 2026-08-14: 4 personal (requiere 3)
2025-10-26 17:28:23,262 - DEBUG -   ✓ MANANA 2026-08-14: 6 personal (requiere 4)
2025-10-26 17:28:23,263 - DEBUG -   ✓ NOCHE 2026-08-14: 3 personal (requiere 3)
2025-10-26 17:28:23,263 - DEBUG -   ✓ NOCHE 2026-08-15: 5 personal (requiere 3)
2025-10-26 17:28:23,263 - DEBUG -   ✓ TARDE 2026-08-15: 7 personal (requiere 3)
2025-10-26 17:28:23,263 - DEBUG -   ✓ MANANA 2026-08-15: 4 personal (requiere 4)
2025-10-26 17:28:23,264 - DEBUG -   ✓ NOCHE 2026-08-16: 5 personal (requiere 3)
2025-10-26 17:28:23,264 - DEBUG -   ✓ TARDE 2026-08-16: 5 personal (requiere 3)
2025-10-26 17:28:23,264 - DEBUG -   ✓ MANANA 2026-08-16: 4 personal (requiere 4)
2025-10-26 17:28:23,265 - DEBUG -   ✓ MANANA 2026-08-17: 4 personal (requiere 4)
2025-10-26 17:28:23,265 - DEBUG -   ✓ NOCHE 2026-08-17: 3 personal (requiere 3)
2025-10-26 17:28:23,265 - DEBUG -   ✓ TARDE 2026-08-17: 9 personal (requiere 3)
2025-10-26 17:28:23,266 - DEBUG -   ✓ NOCHE 2026-08-18: 5 personal (requiere 3)
2025-10-26 17:28:23,266 - DEBUG -   ✓ TARDE 2026-08-18: 6 personal (requiere 3)
2025-10-26 17:28:23,266 - DEBUG -   ✓ MANANA 2026-08-18: 4 personal (requiere 4)
2025-10-26 17:28:23,267 - DEBUG -   ✓ NOCHE 2026-08-19: 6 personal (requiere 3)
2025-10-26 17:28:23,267 - DEBUG -   ✓ TARDE 2026-08-19: 4 personal (requiere 3)
2025-10-26 17:28:23,267 - DEBUG -   ✓ MANANA 2026-08-19: 6 personal (requiere 4)
2025-10-26 17:28:23,267 - DEBUG -   ✓ NOCHE 2026-08-20: 6 personal (requiere 3)
2025-10-26 17:28:23,268 - DEBUG -   ✓ MANANA 2026-08-20: 5 personal (requiere 4)
2025-10-26 17:28:23,268 - DEBUG -   ✓ TARDE 2026-08-20: 4 personal (requiere 3)
2025-10-26 17:28:23,268 - DEBUG -   ✓ NOCHE 2026-08-21: 5 personal (requiere 3)
2025-10-26 17:28:23,269 - DEBUG -   ✓ TARDE 2026-08-21: 4 personal (requiere 3)
2025-10-26 17:28:23,269 - DEBUG -   ✓ MANANA 2026-08-21: 4 personal (requiere 4)
2025-10-26 17:28:23,269 - DEBUG -   ✓ TARDE 2026-08-22: 7 personal (requiere 3)
2025-10-26 17:28:23,270 - DEBUG -   ✓ MANANA 2026-08-22: 4 personal (requiere 4)
2025-10-26 17:28:23,270 - DEBUG -   ✓ NOCHE 2026-08-22: 4 personal (requiere 3)
2025-10-26 17:28:23,270 - DEBUG -   ✓ MANANA 2026-08-23: 4 personal (requiere 4)
2025-10-26 17:28:23,271 - DEBUG -   ✓ TARDE 2026-08-23: 5 personal (requiere 3)
2025-10-26 17:28:23,271 - DEBUG -   ✓ NOCHE 2026-08-23: 4 personal (requiere 3)
2025-10-26 17:28:23,271 - DEBUG -   ✓ NOCHE 2026-08-24: 4 personal (requiere 3)
2025-10-26 17:28:23,272 - DEBUG -   ✓ TARDE 2026-08-24: 5 personal (requiere 3)
2025-10-26 17:28:23,272 - DEBUG -   ✓ MANANA 2026-08-24: 6 personal (requiere 4)
2025-10-26 17:28:23,272 - DEBUG -   ✓ TARDE 2026-08-25: 5 personal (requiere 3)
2025-10-26 17:28:23,273 - DEBUG -   ✓ NOCHE 2026-08-25: 3 personal (requiere 3)
2025-10-26 17:28:23,273 - DEBUG -   ✓ MANANA 2026-08-25: 6 personal (requiere 4)
2025-10-26 17:28:23,273 - DEBUG -   ✓ NOCHE 2026-08-26: 4 personal (requiere 3)
2025-10-26 17:28:23,273 - DEBUG -   ✓ TARDE 2026-08-26: 5 personal (requiere 3)
2025-10-26 17:28:23,274 - DEBUG -   ✓ MANANA 2026-08-26: 4 personal (requiere 4)
2025-10-26 17:28:23,274 - DEBUG -   ✓ MANANA 2026-08-27: 7 personal (requiere 4)
2025-10-26 17:28:23,274 - DEBUG -   ✓ NOCHE 2026-08-27: 5 personal (requiere 3)
2025-10-26 17:28:23,275 - DEBUG -   ✓ TARDE 2026-08-27: 3 personal (requiere 3)
2025-10-26 17:28:23,275 - DEBUG -   ✓ MANANA 2026-08-28: 4 personal (requiere 4)
2025-10-26 17:28:23,275 - DEBUG -   ✓ TARDE 2026-08-28: 7 personal (requiere 3)
2025-10-26 17:28:23,275 - DEBUG -   ✓ NOCHE 2026-08-28: 3 personal (requiere 3)
2025-10-26 17:28:23,276 - DEBUG -   ✓ MANANA 2026-08-29: 6 personal (requiere 4)
2025-10-26 17:28:23,276 - DEBUG -   ✓ TARDE 2026-08-29: 5 personal (requiere 3)
2025-10-26 17:28:23,276 - DEBUG -   ✓ NOCHE 2026-08-29: 5 personal (requiere 3)
2025-10-26 17:28:23,276 - DEBUG -   ✓ NOCHE 2026-08-30: 3 personal (requiere 3)
2025-10-26 17:28:23,277 - DEBUG -   ✓ MANANA 2026-08-30: 5 personal (requiere 4)
2025-10-26 17:28:23,277 - DEBUG -   ✓ TARDE 2026-08-30: 4 personal (requiere 3)
2025-10-26 17:28:23,277 - DEBUG -   ✓ TARDE 2026-08-31: 4 personal (requiere 3)
2025-10-26 17:28:23,278 - DEBUG -   ✓ NOCHE 2026-08-31: 7 personal (requiere 3)
2025-10-26 17:28:23,278 - DEBUG -   ✓ MANANA 2026-08-31: 5 personal (requiere 4)
2025-10-26 17:28:23,278 - DEBUG -   ✓ TARDE 2026-09-01: 7 personal (requiere 3)
2025-10-26 17:28:23,279 - DEBUG -   ✓ MANANA 2026-09-01: 4 personal (requiere 4)
2025-10-26 17:28:23,279 - DEBUG -   ✓ NOCHE 2026-09-01: 5 personal (requiere 3)
2025-10-26 17:28:23,279 - DEBUG -   ✓ MANANA 2026-09-02: 4 personal (requiere 4)
2025-10-26 17:28:23,279 - DEBUG -   ✓ NOCHE 2026-09-02: 6 personal (requiere 3)
2025-10-26 17:28:23,280 - DEBUG -   ✓ TARDE 2026-09-02: 6 personal (requiere 3)
2025-10-26 17:28:23,280 - DEBUG -   ✓ TARDE 2026-09-03: 3 personal (requiere 3)
2025-10-26 17:28:23,280 - DEBUG -   ✓ NOCHE 2026-09-03: 7 personal (requiere 3)
2025-10-26 17:28:23,281 - DEBUG -   ✓ MANANA 2026-09-03: 6 personal (requiere 4)
2025-10-26 17:28:23,281 - DEBUG -   ✓ NOCHE 2026-09-04: 6 personal (requiere 3)
2025-10-26 17:28:23,281 - DEBUG -   ✓ TARDE 2026-09-04: 7 personal (requiere 3)
2025-10-26 17:28:23,281 - DEBUG -   ✓ MANANA 2026-09-04: 4 personal (requiere 4)
2025-10-26 17:28:23,282 - DEBUG -   ✓ NOCHE 2026-09-05: 8 personal (requiere 3)
2025-10-26 17:28:23,282 - DEBUG -   ✓ TARDE 2026-09-05: 5 personal (requiere 3)
2025-10-26 17:28:23,282 - DEBUG -   ✓ MANANA 2026-09-05: 4 personal (requiere 4)
2025-10-26 17:28:23,282 - DEBUG -   ✓ TARDE 2026-09-06: 4 personal (requiere 3)
2025-10-26 17:28:23,283 - DEBUG -   ✓ NOCHE 2026-09-06: 6 personal (requiere 3)
2025-10-26 17:28:23,283 - DEBUG -   ✓ MANANA 2026-09-06: 4 personal (requiere 4)
2025-10-26 17:28:23,283 - DEBUG -   ✓ TARDE 2026-09-07: 5 personal (requiere 3)
2025-10-26 17:28:23,284 - DEBUG -   ✓ MANANA 2026-09-07: 4 personal (requiere 4)
2025-10-26 17:28:23,284 - DEBUG -   ✓ NOCHE 2026-09-07: 6 personal (requiere 3)
2025-10-26 17:28:23,285 - DEBUG -   ✓ NOCHE 2026-09-08: 4 personal (requiere 3)
2025-10-26 17:28:23,285 - DEBUG -   ✓ MANANA 2026-09-08: 4 personal (requiere 4)
2025-10-26 17:28:23,285 - DEBUG -   ✓ TARDE 2026-09-08: 4 personal (requiere 3)
2025-10-26 17:28:23,286 - DEBUG -   ✓ TARDE 2026-09-09: 4 personal (requiere 3)
2025-10-26 17:28:23,286 - DEBUG -   ✓ NOCHE 2026-09-09: 5 personal (requiere 3)
2025-10-26 17:28:23,286 - DEBUG -   ✓ MANANA 2026-09-09: 4 personal (requiere 4)
2025-10-26 17:28:23,287 - DEBUG -   ✓ TARDE 2026-09-10: 6 personal (requiere 3)
2025-10-26 17:28:23,287 - DEBUG -   ✓ MANANA 2026-09-10: 7 personal (requiere 4)
2025-10-26 17:28:23,287 - DEBUG -   ✓ NOCHE 2026-09-10: 4 personal (requiere 3)
2025-10-26 17:28:23,288 - DEBUG -   ✓ TARDE 2026-09-11: 7 personal (requiere 3)
2025-10-26 17:28:23,289 - DEBUG -   ✓ NOCHE 2026-09-11: 4 personal (requiere 3)
2025-10-26 17:28:23,289 - DEBUG -   ✓ MANANA 2026-09-11: 5 personal (requiere 4)
2025-10-26 17:28:23,289 - DEBUG -   ✓ NOCHE 2026-09-12: 4 personal (requiere 3)
2025-10-26 17:28:23,290 - DEBUG -   ✓ TARDE 2026-09-12: 8 personal (requiere 3)
2025-10-26 17:28:23,290 - DEBUG -   ✓ MANANA 2026-09-12: 4 personal (requiere 4)
2025-10-26 17:28:23,290 - DEBUG -   ✓ TARDE 2026-09-13: 8 personal (requiere 3)
2025-10-26 17:28:23,291 - DEBUG -   ✓ MANANA 2026-09-13: 6 personal (requiere 4)
2025-10-26 17:28:23,291 - DEBUG -   ✓ NOCHE 2026-09-13: 3 personal (requiere 3)
2025-10-26 17:28:23,292 - DEBUG -   ✓ MANANA 2026-09-14: 4 personal (requiere 4)
2025-10-26 17:28:23,292 - DEBUG -   ✓ TARDE 2026-09-14: 6 personal (requiere 3)
2025-10-26 17:28:23,292 - DEBUG -   ✓ NOCHE 2026-09-14: 3 personal (requiere 3)
2025-10-26 17:28:23,293 - DEBUG -   ✓ NOCHE 2026-09-15: 4 personal (requiere 3)
2025-10-26 17:28:23,293 - DEBUG -   ✓ MANANA 2026-09-15: 7 personal (requiere 4)
2025-10-26 17:28:23,293 - DEBUG -   ✓ TARDE 2026-09-15: 3 personal (requiere 3)
2025-10-26 17:28:23,294 - DEBUG -   ✓ NOCHE 2026-09-16: 5 personal (requiere 3)
2025-10-26 17:28:23,294 - DEBUG -   ✓ TARDE 2026-09-16: 4 personal (requiere 3)
2025-10-26 17:28:23,294 - DEBUG -   ✓ MANANA 2026-09-16: 4 personal (requiere 4)
2025-10-26 17:28:23,295 - DEBUG -   ✓ TARDE 2026-09-17: 3 personal (requiere 3)
2025-10-26 17:28:23,295 - DEBUG -   ✓ NOCHE 2026-09-17: 7 personal (requiere 3)
2025-10-26 17:28:23,295 - DEBUG -   ✓ MANANA 2026-09-17: 4 personal (requiere 4)
2025-10-26 17:28:23,296 - DEBUG -   ✓ MANANA 2026-09-18: 4 personal (requiere 4)
2025-10-26 17:28:23,296 - DEBUG -   ✓ TARDE 2026-09-18: 5 personal (requiere 3)
2025-10-26 17:28:23,296 - DEBUG -   ✓ NOCHE 2026-09-18: 4 personal (requiere 3)
2025-10-26 17:28:23,297 - DEBUG -   ✓ MANANA 2026-09-19: 5 personal (requiere 4)
2025-10-26 17:28:23,297 - DEBUG -   ✓ NOCHE 2026-09-19: 6 personal (requiere 3)
2025-10-26 17:28:23,297 - DEBUG -   ✓ TARDE 2026-09-19: 7 personal (requiere 3)
2025-10-26 17:28:23,297 - DEBUG -   ✓ MANANA 2026-09-20: 5 personal (requiere 4)
2025-10-26 17:28:23,298 - DEBUG -   ✓ TARDE 2026-09-20: 6 personal (requiere 3)
2025-10-26 17:28:23,298 - DEBUG -   ✓ NOCHE 2026-09-20: 3 personal (requiere 3)
2025-10-26 17:28:23,298 - DEBUG -   ✓ MANANA 2026-09-21: 5 personal (requiere 4)
2025-10-26 17:28:23,298 - DEBUG -   ✓ TARDE 2026-09-21: 4 personal (requiere 3)
2025-10-26 17:28:23,299 - DEBUG -   ✓ NOCHE 2026-09-21: 7 personal (requiere 3)
2025-10-26 17:28:23,299 - DEBUG -   ✓ MANANA 2026-09-22: 4 personal (requiere 4)
2025-10-26 17:28:23,299 - DEBUG -   ✓ TARDE 2026-09-22: 4 personal (requiere 3)
2025-10-26 17:28:23,299 - DEBUG -   ✓ NOCHE 2026-09-22: 5 personal (requiere 3)
2025-10-26 17:28:23,300 - DEBUG -   ✓ NOCHE 2026-09-23: 3 personal (requiere 3)
2025-10-26 17:28:23,300 - DEBUG -   ✓ MANANA 2026-09-23: 4 personal (requiere 4)
2025-10-26 17:28:23,300 - DEBUG -   ✓ TARDE 2026-09-23: 6 personal (requiere 3)
2025-10-26 17:28:23,300 - DEBUG -   ✓ NOCHE 2026-09-24: 6 personal (requiere 3)
2025-10-26 17:28:23,301 - DEBUG -   ✓ MANANA 2026-09-24: 5 personal (requiere 4)
2025-10-26 17:28:23,301 - DEBUG -   ✓ TARDE 2026-09-24: 3 personal (requiere 3)
2025-10-26 17:28:23,301 - DEBUG -   ✓ TARDE 2026-09-25: 5 personal (requiere 3)
2025-10-26 17:28:23,301 - DEBUG -   ✓ NOCHE 2026-09-25: 6 personal (requiere 3)
2025-10-26 17:28:23,302 - DEBUG -   ✓ MANANA 2026-09-25: 4 personal (requiere 4)
2025-10-26 17:28:23,302 - DEBUG -   ✓ TARDE 2026-09-26: 4 personal (requiere 3)
2025-10-26 17:28:23,302 - DEBUG -   ✓ MANANA 2026-09-26: 4 personal (requiere 4)
2025-10-26 17:28:23,303 - DEBUG -   ✓ NOCHE 2026-09-26: 5 personal (requiere 3)
2025-10-26 17:28:23,303 - DEBUG -   ✓ TARDE 2026-09-27: 7 personal (requiere 3)
2025-10-26 17:28:23,303 - DEBUG -   ✓ MANANA 2026-09-27: 4 personal (requiere 4)
2025-10-26 17:28:23,304 - DEBUG -   ✓ NOCHE 2026-09-27: 3 personal (requiere 3)
2025-10-26 17:28:23,304 - DEBUG -   ✓ TARDE 2026-09-28: 7 personal (requiere 3)
2025-10-26 17:28:23,305 - DEBUG -   ✓ NOCHE 2026-09-28: 3 personal (requiere 3)
2025-10-26 17:28:23,306 - DEBUG -   ✓ MANANA 2026-09-28: 5 personal (requiere 4)
2025-10-26 17:28:23,306 - DEBUG -   ✓ TARDE 2026-09-29: 7 personal (requiere 3)
2025-10-26 17:28:23,306 - DEBUG -   ✓ NOCHE 2026-09-29: 3 personal (requiere 3)
2025-10-26 17:28:23,307 - DEBUG -   ✓ MANANA 2026-09-29: 4 personal (requiere 4)
2025-10-26 17:28:23,307 - DEBUG -   ✓ TARDE 2026-09-30: 6 personal (requiere 3)
2025-10-26 17:28:23,308 - DEBUG -   ✓ NOCHE 2026-09-30: 6 personal (requiere 3)
2025-10-26 17:28:23,308 - DEBUG -   ✓ MANANA 2026-09-30: 5 personal (requiere 4)
2025-10-26 17:28:23,308 - DEBUG -   ✓ TARDE 2026-10-01: 4 personal (requiere 3)
2025-10-26 17:28:23,309 - DEBUG -   ✓ MANANA 2026-10-01: 6 personal (requiere 4)
2025-10-26 17:28:23,309 - DEBUG -   ✓ NOCHE 2026-10-01: 5 personal (requiere 3)
2025-10-26 17:28:23,309 - DEBUG -   ✓ MANANA 2026-10-02: 4 personal (requiere 4)
2025-10-26 17:28:23,310 - DEBUG -   ✓ NOCHE 2026-10-02: 7 personal (requiere 3)
2025-10-26 17:28:23,310 - DEBUG -   ✓ TARDE 2026-10-02: 5 personal (requiere 3)
2025-10-26 17:28:23,310 - DEBUG -   ✓ NOCHE 2026-10-03: 4 personal (requiere 3)
2025-10-26 17:28:23,311 - DEBUG -   ✓ TARDE 2026-10-03: 8 personal (requiere 3)
2025-10-26 17:28:23,311 - DEBUG -   ✓ MANANA 2026-10-03: 4 personal (requiere 4)
2025-10-26 17:28:23,311 - DEBUG -   ✓ TARDE 2026-10-04: 6 personal (requiere 3)
2025-10-26 17:28:23,312 - DEBUG -   ✓ MANANA 2026-10-04: 4 personal (requiere 4)
2025-10-26 17:28:23,312 - DEBUG -   ✓ NOCHE 2026-10-04: 4 personal (requiere 3)
2025-10-26 17:28:23,312 - DEBUG -   ✓ MANANA 2026-10-05: 6 personal (requiere 4)
2025-10-26 17:28:23,313 - DEBUG -   ✓ TARDE 2026-10-05: 7 personal (requiere 3)
2025-10-26 17:28:23,313 - DEBUG -   ✓ NOCHE 2026-10-05: 3 personal (requiere 3)
2025-10-26 17:28:23,313 - DEBUG -   ✓ TARDE 2026-10-06: 4 personal (requiere 3)
2025-10-26 17:28:23,313 - DEBUG -   ✓ MANANA 2026-10-06: 5 personal (requiere 4)
2025-10-26 17:28:23,314 - DEBUG -   ✓ NOCHE 2026-10-06: 5 personal (requiere 3)
2025-10-26 17:28:23,314 - DEBUG -   ✓ NOCHE 2026-10-07: 6 personal (requiere 3)
2025-10-26 17:28:23,314 - DEBUG -   ✓ TARDE 2026-10-07: 5 personal (requiere 3)
2025-10-26 17:28:23,315 - DEBUG -   ✓ MANANA 2026-10-07: 7 personal (requiere 4)
2025-10-26 17:28:23,315 - DEBUG -   ✓ TARDE 2026-10-08: 8 personal (requiere 3)
2025-10-26 17:28:23,315 - DEBUG -   ✓ MANANA 2026-10-08: 4 personal (requiere 4)
2025-10-26 17:28:23,315 - DEBUG -   ✓ NOCHE 2026-10-08: 3 personal (requiere 3)
2025-10-26 17:28:23,316 - DEBUG -   ✓ MANANA 2026-10-09: 9 personal (requiere 4)
2025-10-26 17:28:23,316 - DEBUG -   ✓ NOCHE 2026-10-09: 4 personal (requiere 3)
2025-10-26 17:28:23,316 - DEBUG -   ✓ TARDE 2026-10-09: 3 personal (requiere 3)
2025-10-26 17:28:23,317 - DEBUG -   ✓ TARDE 2026-10-10: 8 personal (requiere 3)
2025-10-26 17:28:23,317 - DEBUG -   ✓ NOCHE 2026-10-10: 4 personal (requiere 3)
2025-10-26 17:28:23,317 - DEBUG -   ✓ MANANA 2026-10-10: 4 personal (requiere 4)
2025-10-26 17:28:23,318 - DEBUG -   ✓ MANANA 2026-10-11: 4 personal (requiere 4)
2025-10-26 17:28:23,318 - DEBUG -   ✓ TARDE 2026-10-11: 8 personal (requiere 3)
2025-10-26 17:28:23,318 - DEBUG -   ✓ NOCHE 2026-10-11: 4 personal (requiere 3)
2025-10-26 17:28:23,319 - DEBUG -   ✓ TARDE 2026-10-12: 6 personal (requiere 3)
2025-10-26 17:28:23,319 - DEBUG -   ✓ NOCHE 2026-10-12: 5 personal (requiere 3)
2025-10-26 17:28:23,319 - DEBUG -   ✓ MANANA 2026-10-12: 4 personal (requiere 4)
2025-10-26 17:28:23,319 - DEBUG -   ✓ NOCHE 2026-10-13: 7 personal (requiere 3)
2025-10-26 17:28:23,320 - DEBUG -   ✓ TARDE 2026-10-13: 5 personal (requiere 3)
2025-10-26 17:28:23,320 - DEBUG -   ✓ MANANA 2026-10-13: 4 personal (requiere 4)
2025-10-26 17:28:23,320 - DEBUG -   ✓ TARDE 2026-10-14: 6 personal (requiere 3)
2025-10-26 17:28:23,321 - DEBUG -   ✓ NOCHE 2026-10-14: 4 personal (requiere 3)
2025-10-26 17:28:23,321 - DEBUG -   ✓ MANANA 2026-10-14: 4 personal (requiere 4)
2025-10-26 17:28:23,322 - DEBUG -   ✓ NOCHE 2026-10-15: 3 personal (requiere 3)
2025-10-26 17:28:23,322 - DEBUG -   ✓ TARDE 2026-10-15: 9 personal (requiere 3)
2025-10-26 17:28:23,323 - DEBUG -   ✓ MANANA 2026-10-15: 4 personal (requiere 4)
2025-10-26 17:28:23,323 - DEBUG -   ✓ NOCHE 2026-10-16: 4 personal (requiere 3)
2025-10-26 17:28:23,323 - DEBUG -   ✓ MANANA 2026-10-16: 4 personal (requiere 4)
2025-10-26 17:28:23,324 - DEBUG -   ✓ TARDE 2026-10-16: 7 personal (requiere 3)
2025-10-26 17:28:23,324 - DEBUG -   ✓ TARDE 2026-10-17: 7 personal (requiere 3)
2025-10-26 17:28:23,324 - DEBUG -   ✓ MANANA 2026-10-17: 6 personal (requiere 4)
2025-10-26 17:28:23,325 - DEBUG -   ✓ NOCHE 2026-10-17: 4 personal (requiere 3)
2025-10-26 17:28:23,325 - DEBUG -   ✓ MANANA 2026-10-18: 4 personal (requiere 4)
2025-10-26 17:28:23,325 - DEBUG -   ✓ TARDE 2026-10-18: 9 personal (requiere 3)
2025-10-26 17:28:23,326 - DEBUG -   ✓ NOCHE 2026-10-18: 3 personal (requiere 3)
2025-10-26 17:28:23,326 - DEBUG -   ✓ TARDE 2026-10-19: 4 personal (requiere 3)
2025-10-26 17:28:23,327 - DEBUG -   ✓ MANANA 2026-10-19: 4 personal (requiere 4)
2025-10-26 17:28:23,327 - DEBUG -   ✓ NOCHE 2026-10-19: 5 personal (requiere 3)
2025-10-26 17:28:23,327 - DEBUG -   ✓ MANANA 2026-10-20: 4 personal (requiere 4)
2025-10-26 17:28:23,328 - DEBUG -   ✓ TARDE 2026-10-20: 5 personal (requiere 3)
2025-10-26 17:28:23,328 - DEBUG -   ✓ NOCHE 2026-10-20: 6 personal (requiere 3)
2025-10-26 17:28:23,328 - DEBUG -   ✓ TARDE 2026-10-21: 3 personal (requiere 3)
2025-10-26 17:28:23,328 - DEBUG -   ✓ MANANA 2026-10-21: 4 personal (requiere 4)
2025-10-26 17:28:23,329 - DEBUG -   ✓ NOCHE 2026-10-21: 4 personal (requiere 3)
2025-10-26 17:28:23,329 - DEBUG -   ✓ NOCHE 2026-10-22: 3 personal (requiere 3)
2025-10-26 17:28:23,329 - DEBUG -   ✓ TARDE 2026-10-22: 9 personal (requiere 3)
2025-10-26 17:28:23,330 - DEBUG -   ✓ MANANA 2026-10-22: 4 personal (requiere 4)
2025-10-26 17:28:23,330 - DEBUG -   ✓ TARDE 2026-10-23: 7 personal (requiere 3)
2025-10-26 17:28:23,330 - DEBUG -   ✓ MANANA 2026-10-23: 4 personal (requiere 4)
2025-10-26 17:28:23,331 - DEBUG -   ✓ NOCHE 2026-10-23: 4 personal (requiere 3)
2025-10-26 17:28:23,331 - DEBUG -   ✓ TARDE 2026-10-24: 3 personal (requiere 3)
2025-10-26 17:28:23,331 - DEBUG -   ✓ MANANA 2026-10-24: 7 personal (requiere 4)
2025-10-26 17:28:23,332 - DEBUG -   ✓ NOCHE 2026-10-24: 6 personal (requiere 3)
2025-10-26 17:28:23,332 - DEBUG -   ✓ TARDE 2026-10-25: 7 personal (requiere 3)
2025-10-26 17:28:23,332 - DEBUG -   ✓ NOCHE 2026-10-25: 6 personal (requiere 3)
2025-10-26 17:28:23,333 - DEBUG -   ✓ MANANA 2026-10-25: 4 personal (requiere 4)
2025-10-26 17:28:23,333 - DEBUG -   ✓ TARDE 2026-10-26: 4 personal (requiere 3)
2025-10-26 17:28:23,333 - DEBUG -   ✓ NOCHE 2026-10-26: 5 personal (requiere 3)
2025-10-26 17:28:23,333 - DEBUG -   ✓ MANANA 2026-10-26: 5 personal (requiere 4)
2025-10-26 17:28:23,334 - DEBUG -   ✓ TARDE 2026-10-27: 6 personal (requiere 3)
2025-10-26 17:28:23,334 - DEBUG -   ✓ MANANA 2026-10-27: 4 personal (requiere 4)
2025-10-26 17:28:23,335 - DEBUG -   ✓ NOCHE 2026-10-27: 4 personal (requiere 3)
2025-10-26 17:28:23,335 - DEBUG -   ✓ TARDE 2026-10-28: 5 personal (requiere 3)
2025-10-26 17:28:23,335 - DEBUG -   ✓ MANANA 2026-10-28: 4 personal (requiere 4)
2025-10-26 17:28:23,336 - DEBUG -   ✓ NOCHE 2026-10-28: 4 personal (requiere 3)
2025-10-26 17:28:23,336 - DEBUG -   ✓ NOCHE 2026-10-29: 3 personal (requiere 3)
2025-10-26 17:28:23,336 - DEBUG -   ✓ MANANA 2026-10-29: 4 personal (requiere 4)
2025-10-26 17:28:23,337 - DEBUG -   ✓ TARDE 2026-10-29: 7 personal (requiere 3)
2025-10-26 17:28:23,337 - DEBUG -   ✓ NOCHE 2026-10-30: 3 personal (requiere 3)
2025-10-26 17:28:23,338 - DEBUG -   ✓ TARDE 2026-10-30: 5 personal (requiere 3)
2025-10-26 17:28:23,338 - DEBUG -   ✓ MANANA 2026-10-30: 10 personal (requiere 4)
2025-10-26 17:28:23,339 - DEBUG -   ✓ NOCHE 2026-10-31: 7 personal (requiere 3)
2025-10-26 17:28:23,340 - DEBUG -   ✓ MANANA 2026-10-31: 4 personal (requiere 4)
2025-10-26 17:28:23,340 - DEBUG -   ✓ TARDE 2026-10-31: 4 personal (requiere 3)
2025-10-26 17:28:23,340 - DEBUG -   ✓ TARDE 2026-11-01: 5 personal (requiere 3)
2025-10-26 17:28:23,341 - DEBUG -   ✓ MANANA 2026-11-01: 5 personal (requiere 4)
2025-10-26 17:28:23,341 - DEBUG -   ✓ NOCHE 2026-11-01: 4 personal (requiere 3)
2025-10-26 17:28:23,341 - DEBUG -   ✓ TARDE 2026-11-02: 7 personal (requiere 3)
2025-10-26 17:28:23,342 - DEBUG -   ✓ NOCHE 2026-11-02: 3 personal (requiere 3)
2025-10-26 17:28:23,342 - DEBUG -   ✓ MANANA 2026-11-02: 4 personal (requiere 4)
2025-10-26 17:28:23,342 - DEBUG -   ✓ MANANA 2026-11-03: 5 personal (requiere 4)
2025-10-26 17:28:23,343 - DEBUG -   ✓ TARDE 2026-11-03: 4 personal (requiere 3)
2025-10-26 17:28:23,343 - DEBUG -   ✓ NOCHE 2026-11-03: 5 personal (requiere 3)
2025-10-26 17:28:23,343 - DEBUG -   ✓ TARDE 2026-11-04: 3 personal (requiere 3)
2025-10-26 17:28:23,344 - DEBUG -   ✓ MANANA 2026-11-04: 5 personal (requiere 4)
2025-10-26 17:28:23,344 - DEBUG -   ✓ NOCHE 2026-11-04: 6 personal (requiere 3)
2025-10-26 17:28:23,344 - DEBUG -   ✓ NOCHE 2026-11-05: 3 personal (requiere 3)
2025-10-26 17:28:23,345 - DEBUG -   ✓ MANANA 2026-11-05: 5 personal (requiere 4)
2025-10-26 17:28:23,345 - DEBUG -   ✓ TARDE 2026-11-05: 5 personal (requiere 3)
2025-10-26 17:28:23,345 - DEBUG -   ✓ TARDE 2026-11-06: 7 personal (requiere 3)
2025-10-26 17:28:23,346 - DEBUG -   ✓ NOCHE 2026-11-06: 5 personal (requiere 3)
2025-10-26 17:28:23,346 - DEBUG -   ✓ MANANA 2026-11-06: 4 personal (requiere 4)
2025-10-26 17:28:23,346 - DEBUG -   ✓ MANANA 2026-11-07: 4 personal (requiere 4)
2025-10-26 17:28:23,347 - DEBUG -   ✓ TARDE 2026-11-07: 7 personal (requiere 3)
2025-10-26 17:28:23,347 - DEBUG -   ✓ NOCHE 2026-11-07: 3 personal (requiere 3)
2025-10-26 17:28:23,347 - DEBUG -   ✓ TARDE 2026-11-08: 4 personal (requiere 3)
2025-10-26 17:28:23,348 - DEBUG -   ✓ NOCHE 2026-11-08: 7 personal (requiere 3)
2025-10-26 17:28:23,348 - DEBUG -   ✓ MANANA 2026-11-08: 5 personal (requiere 4)
2025-10-26 17:28:23,348 - DEBUG -   ✓ TARDE 2026-11-09: 4 personal (requiere 3)
2025-10-26 17:28:23,349 - DEBUG -   ✓ NOCHE 2026-11-09: 7 personal (requiere 3)
2025-10-26 17:28:23,349 - DEBUG -   ✓ MANANA 2026-11-09: 4 personal (requiere 4)
2025-10-26 17:28:23,349 - DEBUG -   ✓ TARDE 2026-11-10: 7 personal (requiere 3)
2025-10-26 17:28:23,350 - DEBUG -   ✓ NOCHE 2026-11-10: 4 personal (requiere 3)
2025-10-26 17:28:23,350 - DEBUG -   ✓ MANANA 2026-11-10: 4 personal (requiere 4)
2025-10-26 17:28:23,350 - DEBUG -   ✓ NOCHE 2026-11-11: 4 personal (requiere 3)
2025-10-26 17:28:23,351 - DEBUG -   ✓ TARDE 2026-11-11: 7 personal (requiere 3)
2025-10-26 17:28:23,351 - DEBUG -   ✓ MANANA 2026-11-11: 4 personal (requiere 4)
2025-10-26 17:28:23,351 - DEBUG -   ✓ NOCHE 2026-11-12: 4 personal (requiere 3)
2025-10-26 17:28:23,352 - DEBUG -   ✓ TARDE 2026-11-12: 8 personal (requiere 3)
2025-10-26 17:28:23,352 - DEBUG -   ✓ MANANA 2026-11-12: 5 personal (requiere 4)
2025-10-26 17:28:23,352 - DEBUG -   ✓ TARDE 2026-11-13: 4 personal (requiere 3)
2025-10-26 17:28:23,353 - DEBUG -   ✓ NOCHE 2026-11-13: 5 personal (requiere 3)
2025-10-26 17:28:23,353 - DEBUG -   ✓ MANANA 2026-11-13: 6 personal (requiere 4)
2025-10-26 17:28:23,353 - DEBUG -   ✓ TARDE 2026-11-14: 4 personal (requiere 3)
2025-10-26 17:28:23,354 - DEBUG -   ✓ NOCHE 2026-11-14: 7 personal (requiere 3)
2025-10-26 17:28:23,354 - DEBUG -   ✓ MANANA 2026-11-14: 4 personal (requiere 4)
2025-10-26 17:28:23,355 - DEBUG -   ✓ TARDE 2026-11-15: 7 personal (requiere 3)
2025-10-26 17:28:23,355 - DEBUG -   ✓ NOCHE 2026-11-15: 4 personal (requiere 3)
2025-10-26 17:28:23,355 - DEBUG -   ✓ MANANA 2026-11-15: 4 personal (requiere 4)
2025-10-26 17:28:23,356 - DEBUG -   ✓ MANANA 2026-11-16: 5 personal (requiere 4)
2025-10-26 17:28:23,356 - DEBUG -   ✓ NOCHE 2026-11-16: 4 personal (requiere 3)
2025-10-26 17:28:23,357 - DEBUG -   ✓ TARDE 2026-11-16: 6 personal (requiere 3)
2025-10-26 17:28:23,357 - DEBUG -   ✓ MANANA 2026-11-17: 5 personal (requiere 4)
2025-10-26 17:28:23,358 - DEBUG -   ✓ TARDE 2026-11-17: 6 personal (requiere 3)
2025-10-26 17:28:23,358 - DEBUG -   ✓ NOCHE 2026-11-17: 7 personal (requiere 3)
2025-10-26 17:28:23,358 - DEBUG -   ✓ MANANA 2026-11-18: 4 personal (requiere 4)
2025-10-26 17:28:23,359 - DEBUG -   ✓ NOCHE 2026-11-18: 5 personal (requiere 3)
2025-10-26 17:28:23,359 - DEBUG -   ✓ TARDE 2026-11-18: 7 personal (requiere 3)
2025-10-26 17:28:23,360 - DEBUG -   ✓ MANANA 2026-11-19: 5 personal (requiere 4)
2025-10-26 17:28:23,360 - DEBUG -   ✓ TARDE 2026-11-19: 6 personal (requiere 3)
2025-10-26 17:28:23,360 - DEBUG -   ✓ NOCHE 2026-11-19: 5 personal (requiere 3)
2025-10-26 17:28:23,361 - DEBUG -   ✓ NOCHE 2026-11-20: 5 personal (requiere 3)
2025-10-26 17:28:23,361 - DEBUG -   ✓ MANANA 2026-11-20: 6 personal (requiere 4)
2025-10-26 17:28:23,362 - DEBUG -   ✓ TARDE 2026-11-20: 6 personal (requiere 3)
2025-10-26 17:28:23,362 - DEBUG -   ✓ TARDE 2026-11-21: 8 personal (requiere 3)
2025-10-26 17:28:23,362 - DEBUG -   ✓ NOCHE 2026-11-21: 3 personal (requiere 3)
2025-10-26 17:28:23,363 - DEBUG -   ✓ MANANA 2026-11-21: 4 personal (requiere 4)
2025-10-26 17:28:23,363 - DEBUG -   ✓ NOCHE 2026-11-22: 4 personal (requiere 3)
2025-10-26 17:28:23,363 - DEBUG -   ✓ TARDE 2026-11-22: 4 personal (requiere 3)
2025-10-26 17:28:23,364 - DEBUG -   ✓ MANANA 2026-11-22: 5 personal (requiere 4)
2025-10-26 17:28:23,364 - DEBUG -   ✓ NOCHE 2026-11-23: 6 personal (requiere 3)
2025-10-26 17:28:23,364 - DEBUG -   ✓ TARDE 2026-11-23: 5 personal (requiere 3)
2025-10-26 17:28:23,365 - DEBUG -   ✓ MANANA 2026-11-23: 4 personal (requiere 4)
2025-10-26 17:28:23,365 - DEBUG -   ✓ TARDE 2026-11-24: 7 personal (requiere 3)
2025-10-26 17:28:23,365 - DEBUG -   ✓ NOCHE 2026-11-24: 5 personal (requiere 3)
2025-10-26 17:28:23,366 - DEBUG -   ✓ MANANA 2026-11-24: 4 personal (requiere 4)
2025-10-26 17:28:23,366 - DEBUG -   ✓ MANANA 2026-11-25: 7 personal (requiere 4)
2025-10-26 17:28:23,366 - DEBUG -   ✓ NOCHE 2026-11-25: 4 personal (requiere 3)
2025-10-26 17:28:23,367 - DEBUG -   ✓ TARDE 2026-11-25: 5 personal (requiere 3)
2025-10-26 17:28:23,368 - DEBUG -   ✓ NOCHE 2026-11-26: 7 personal (requiere 3)
2025-10-26 17:28:23,368 - DEBUG -   ✓ TARDE 2026-11-26: 5 personal (requiere 3)
2025-10-26 17:28:23,369 - DEBUG -   ✓ MANANA 2026-11-26: 4 personal (requiere 4)
2025-10-26 17:28:23,369 - DEBUG -   ✓ TARDE 2026-11-27: 6 personal (requiere 3)
2025-10-26 17:28:23,369 - DEBUG -   ✓ NOCHE 2026-11-27: 7 personal (requiere 3)
2025-10-26 17:28:23,370 - DEBUG -   ✓ MANANA 2026-11-27: 4 personal (requiere 4)
2025-10-26 17:28:23,370 - DEBUG -   ✓ MANANA 2026-11-28: 4 personal (requiere 4)
2025-10-26 17:28:23,370 - DEBUG -   ✓ NOCHE 2026-11-28: 4 personal (requiere 3)
2025-10-26 17:28:23,371 - DEBUG -   ✓ TARDE 2026-11-28: 7 personal (requiere 3)
2025-10-26 17:28:23,371 - DEBUG -   ✓ NOCHE 2026-11-29: 4 personal (requiere 3)
2025-10-26 17:28:23,372 - DEBUG -   ✓ TARDE 2026-11-29: 8 personal (requiere 3)
2025-10-26 17:28:23,372 - DEBUG -   ✓ MANANA 2026-11-29: 4 personal (requiere 4)
2025-10-26 17:28:23,373 - DEBUG -   ✓ TARDE 2026-11-30: 6 personal (requiere 3)
2025-10-26 17:28:23,373 - DEBUG -   ✓ MANANA 2026-11-30: 4 personal (requiere 4)
2025-10-26 17:28:23,373 - DEBUG -   ✓ NOCHE 2026-11-30: 4 personal (requiere 3)
2025-10-26 17:28:23,374 - DEBUG -   ✓ NOCHE 2026-12-01: 6 personal (requiere 3)
2025-10-26 17:28:23,374 - DEBUG -   ✓ TARDE 2026-12-01: 7 personal (requiere 3)
2025-10-26 17:28:23,374 - DEBUG -   ✓ MANANA 2026-12-01: 4 personal (requiere 4)
2025-10-26 17:28:23,375 - DEBUG -   ✓ TARDE 2026-12-02: 9 personal (requiere 3)
2025-10-26 17:28:23,375 - DEBUG -   ✓ NOCHE 2026-12-02: 4 personal (requiere 3)
2025-10-26 17:28:23,376 - DEBUG -   ✓ MANANA 2026-12-02: 4 personal (requiere 4)
2025-10-26 17:28:23,376 - DEBUG -   ✓ NOCHE 2026-12-03: 5 personal (requiere 3)
2025-10-26 17:28:23,376 - DEBUG -   ✓ MANANA 2026-12-03: 4 personal (requiere 4)
2025-10-26 17:28:23,377 - DEBUG -   ✓ TARDE 2026-12-03: 5 personal (requiere 3)
2025-10-26 17:28:23,377 - DEBUG -   ✓ TARDE 2026-12-04: 6 personal (requiere 3)
2025-10-26 17:28:23,378 - DEBUG -   ✓ MANANA 2026-12-04: 4 personal (requiere 4)
2025-10-26 17:28:23,378 - DEBUG -   ✓ NOCHE 2026-12-04: 5 personal (requiere 3)
2025-10-26 17:28:23,378 - DEBUG -   ✓ NOCHE 2026-12-05: 4 personal (requiere 3)
2025-10-26 17:28:23,379 - DEBUG -   ✓ MANANA 2026-12-05: 4 personal (requiere 4)
2025-10-26 17:28:23,379 - DEBUG -   ✓ TARDE 2026-12-05: 8 personal (requiere 3)
2025-10-26 17:28:23,379 - DEBUG -   ✓ TARDE 2026-12-06: 3 personal (requiere 3)
2025-10-26 17:28:23,379 - DEBUG -   ✓ NOCHE 2026-12-06: 6 personal (requiere 3)
2025-10-26 17:28:23,380 - DEBUG -   ✓ MANANA 2026-12-06: 4 personal (requiere 4)
2025-10-26 17:28:23,380 - DEBUG -   ✓ NOCHE 2026-12-07: 3 personal (requiere 3)
2025-10-26 17:28:23,380 - DEBUG -   ✓ TARDE 2026-12-07: 5 personal (requiere 3)
2025-10-26 17:28:23,381 - DEBUG -   ✓ MANANA 2026-12-07: 4 personal (requiere 4)
2025-10-26 17:28:23,381 - DEBUG -   ✓ TARDE 2026-12-08: 7 personal (requiere 3)
2025-10-26 17:28:23,381 - DEBUG -   ✓ NOCHE 2026-12-08: 6 personal (requiere 3)
2025-10-26 17:28:23,381 - DEBUG -   ✓ MANANA 2026-12-08: 5 personal (requiere 4)
2025-10-26 17:28:23,382 - DEBUG -   ✓ NOCHE 2026-12-09: 3 personal (requiere 3)
2025-10-26 17:28:23,382 - DEBUG -   ✓ TARDE 2026-12-09: 8 personal (requiere 3)
2025-10-26 17:28:23,382 - DEBUG -   ✓ MANANA 2026-12-09: 6 personal (requiere 4)
2025-10-26 17:28:23,383 - DEBUG -   ✓ TARDE 2026-12-10: 5 personal (requiere 3)
2025-10-26 17:28:23,383 - DEBUG -   ✓ MANANA 2026-12-10: 7 personal (requiere 4)
2025-10-26 17:28:23,383 - DEBUG -   ✓ NOCHE 2026-12-10: 3 personal (requiere 3)
2025-10-26 17:28:23,384 - DEBUG -   ✓ MANANA 2026-12-11: 5 personal (requiere 4)
2025-10-26 17:28:23,384 - DEBUG -   ✓ NOCHE 2026-12-11: 8 personal (requiere 3)
2025-10-26 17:28:23,384 - DEBUG -   ✓ TARDE 2026-12-11: 3 personal (requiere 3)
2025-10-26 17:28:23,385 - DEBUG -   ✓ NOCHE 2026-12-12: 4 personal (requiere 3)
2025-10-26 17:28:23,385 - DEBUG -   ✓ MANANA 2026-12-12: 4 personal (requiere 4)
2025-10-26 17:28:23,385 - DEBUG -   ✓ TARDE 2026-12-12: 7 personal (requiere 3)
2025-10-26 17:28:23,386 - DEBUG -   ✓ TARDE 2026-12-13: 7 personal (requiere 3)
2025-10-26 17:28:23,386 - DEBUG -   ✓ NOCHE 2026-12-13: 5 personal (requiere 3)
2025-10-26 17:28:23,386 - DEBUG -   ✓ MANANA 2026-12-13: 4 personal (requiere 4)
2025-10-26 17:28:23,386 - DEBUG -   ✓ NOCHE 2026-12-14: 6 personal (requiere 3)
2025-10-26 17:28:23,387 - DEBUG -   ✓ MANANA 2026-12-14: 5 personal (requiere 4)
2025-10-26 17:28:23,387 - DEBUG -   ✓ TARDE 2026-12-14: 4 personal (requiere 3)
2025-10-26 17:28:23,387 - DEBUG -   ✓ TARDE 2026-12-15: 5 personal (requiere 3)
2025-10-26 17:28:23,388 - DEBUG -   ✓ MANANA 2026-12-15: 6 personal (requiere 4)
2025-10-26 17:28:23,388 - DEBUG -   ✓ NOCHE 2026-12-15: 4 personal (requiere 3)
2025-10-26 17:28:23,389 - DEBUG -   ✓ MANANA 2026-12-16: 5 personal (requiere 4)
2025-10-26 17:28:23,389 - DEBUG -   ✓ NOCHE 2026-12-16: 6 personal (requiere 3)
2025-10-26 17:28:23,390 - DEBUG -   ✓ TARDE 2026-12-16: 3 personal (requiere 3)
2025-10-26 17:28:23,390 - DEBUG -   ✓ NOCHE 2026-12-17: 8 personal (requiere 3)
2025-10-26 17:28:23,390 - DEBUG -   ✓ TARDE 2026-12-17: 4 personal (requiere 3)
2025-10-26 17:28:23,391 - DEBUG -   ✓ MANANA 2026-12-17: 5 personal (requiere 4)
2025-10-26 17:28:23,391 - DEBUG -   ✓ TARDE 2026-12-18: 4 personal (requiere 3)
2025-10-26 17:28:23,391 - DEBUG -   ✓ NOCHE 2026-12-18: 3 personal (requiere 3)
2025-10-26 17:28:23,392 - DEBUG -   ✓ MANANA 2026-12-18: 7 personal (requiere 4)
2025-10-26 17:28:23,392 - DEBUG -   ✓ MANANA 2026-12-19: 8 personal (requiere 4)
2025-10-26 17:28:23,393 - DEBUG -   ✓ TARDE 2026-12-19: 3 personal (requiere 3)
2025-10-26 17:28:23,393 - DEBUG -   ✓ NOCHE 2026-12-19: 5 personal (requiere 3)
2025-10-26 17:28:23,393 - DEBUG -   ✓ TARDE 2026-12-20: 6 personal (requiere 3)
2025-10-26 17:28:23,393 - DEBUG -   ✓ NOCHE 2026-12-20: 5 personal (requiere 3)
2025-10-26 17:28:23,394 - DEBUG -   ✓ MANANA 2026-12-20: 4 personal (requiere 4)
2025-10-26 17:28:23,394 - DEBUG -   ✓ MANANA 2026-12-21: 6 personal (requiere 4)
2025-10-26 17:28:23,394 - DEBUG -   ✓ NOCHE 2026-12-21: 4 personal (requiere 3)
2025-10-26 17:28:23,395 - DEBUG -   ✓ TARDE 2026-12-21: 4 personal (requiere 3)
2025-10-26 17:28:23,395 - DEBUG -   ✓ MANANA 2026-12-22: 4 personal (requiere 4)
2025-10-26 17:28:23,395 - DEBUG -   ✓ NOCHE 2026-12-22: 6 personal (requiere 3)
2025-10-26 17:28:23,396 - DEBUG -   ✓ TARDE 2026-12-22: 4 personal (requiere 3)
2025-10-26 17:28:23,396 - DEBUG -   ✓ NOCHE 2026-12-23: 5 personal (requiere 3)
2025-10-26 17:28:23,396 - DEBUG -   ✓ TARDE 2026-12-23: 7 personal (requiere 3)
2025-10-26 17:28:23,397 - DEBUG -   ✓ MANANA 2026-12-23: 4 personal (requiere 4)
2025-10-26 17:28:23,397 - DEBUG -   ✓ NOCHE 2026-12-24: 4 personal (requiere 3)
2025-10-26 17:28:23,397 - DEBUG -   ✓ TARDE 2026-12-24: 4 personal (requiere 3)
2025-10-26 17:28:23,398 - DEBUG -   ✓ MANANA 2026-12-24: 6 personal (requiere 4)
2025-10-26 17:28:23,398 - DEBUG -   ✓ MANANA 2026-12-25: 5 personal (requiere 4)
2025-10-26 17:28:23,399 - DEBUG -   ✓ TARDE 2026-12-25: 7 personal (requiere 3)
2025-10-26 17:28:23,399 - DEBUG -   ✓ NOCHE 2026-12-25: 3 personal (requiere 3)
2025-10-26 17:28:23,399 - DEBUG -   ✓ NOCHE 2026-12-26: 3 personal (requiere 3)
2025-10-26 17:28:23,400 - DEBUG -   ✓ MANANA 2026-12-26: 7 personal (requiere 4)
2025-10-26 17:28:23,400 - DEBUG -   ✓ TARDE 2026-12-26: 7 personal (requiere 3)
2025-10-26 17:28:23,400 - DEBUG -   ✓ TARDE 2026-12-27: 4 personal (requiere 3)
2025-10-26 17:28:23,401 - DEBUG -   ✓ MANANA 2026-12-27: 6 personal (requiere 4)
2025-10-26 17:28:23,401 - DEBUG -   ✓ NOCHE 2026-12-27: 7 personal (requiere 3)
2025-10-26 17:28:23,401 - DEBUG -   ✓ MANANA 2026-12-28: 4 personal (requiere 4)
2025-10-26 17:28:23,402 - DEBUG -   ✓ TARDE 2026-12-28: 6 personal (requiere 3)
2025-10-26 17:28:23,402 - DEBUG -   ✓ NOCHE 2026-12-28: 7 personal (requiere 3)
2025-10-26 17:28:23,402 - DEBUG -   ✓ MANANA 2026-12-29: 4 personal (requiere 4)
2025-10-26 17:28:23,403 - DEBUG -   ✓ NOCHE 2026-12-29: 5 personal (requiere 3)
2025-10-26 17:28:23,403 - DEBUG -   ✓ TARDE 2026-12-29: 7 personal (requiere 3)
2025-10-26 17:28:23,403 - DEBUG -   ✓ NOCHE 2026-12-30: 7 personal (requiere 3)
2025-10-26 17:28:23,404 - DEBUG -   ✓ MANANA 2026-12-30: 6 personal (requiere 4)
2025-10-26 17:28:23,404 - DEBUG -   ✓ TARDE 2026-12-30: 3 personal (requiere 3)
2025-10-26 17:28:23,405 - DEBUG -   ✓ TARDE 2026-12-31: 6 personal (requiere 3)
2025-10-26 17:28:23,405 - DEBUG -   ✓ MANANA 2026-12-31: 4 personal (requiere 4)
2025-10-26 17:28:23,406 - DEBUG -   ✓ NOCHE 2026-12-31: 3 personal (requiere 3)
2025-10-26 17:28:23,406 - DEBUG -   ✓ MANANA 2027-01-01: 6 personal (requiere 4)
2025-10-26 17:28:23,407 - DEBUG -   ✓ NOCHE 2027-01-01: 6 personal (requiere 3)
2025-10-26 17:28:23,407 - DEBUG -   ✓ TARDE 2027-01-01: 3 personal (requiere 3)
2025-10-26 17:28:23,407 - DEBUG -   ✓ MANANA 2027-01-02: 4 personal (requiere 4)
2025-10-26 17:28:23,408 - DEBUG -   ✓ TARDE 2027-01-02: 7 personal (requiere 3)
2025-10-26 17:28:23,408 - DEBUG -   ✓ NOCHE 2027-01-02: 4 personal (requiere 3)
2025-10-26 17:28:23,408 - DEBUG -   ✓ MANANA 2027-01-03: 8 personal (requiere 4)
2025-10-26 17:28:23,409 - DEBUG -   ✓ TARDE 2027-01-03: 4 personal (requiere 3)
2025-10-26 17:28:23,409 - DEBUG -   ✓ NOCHE 2027-01-03: 5 personal (requiere 3)
2025-10-26 17:28:23,409 - DEBUG -   ✓ MANANA 2027-01-04: 7 personal (requiere 4)
2025-10-26 17:28:23,410 - DEBUG -   ✓ NOCHE 2027-01-04: 6 personal (requiere 3)
2025-10-26 17:28:23,410 - DEBUG -   ✓ TARDE 2027-01-04: 3 personal (requiere 3)
2025-10-26 17:28:23,410 - DEBUG -   ✓ NOCHE 2027-01-05: 5 personal (requiere 3)
2025-10-26 17:28:23,411 - DEBUG -   ✓ MANANA 2027-01-05: 4 personal (requiere 4)
2025-10-26 17:28:23,411 - DEBUG -   ✓ TARDE 2027-01-05: 8 personal (requiere 3)
2025-10-26 17:28:23,411 - DEBUG -   ✓ TARDE 2027-01-06: 7 personal (requiere 3)
2025-10-26 17:28:23,412 - DEBUG -   ✓ NOCHE 2027-01-06: 6 personal (requiere 3)
2025-10-26 17:28:23,412 - DEBUG -   ✓ MANANA 2027-01-06: 4 personal (requiere 4)
2025-10-26 17:28:23,412 - DEBUG -   ✓ TARDE 2027-01-07: 5 personal (requiere 3)
2025-10-26 17:28:23,413 - DEBUG -   ✓ NOCHE 2027-01-07: 5 personal (requiere 3)
2025-10-26 17:28:23,413 - DEBUG -   ✓ MANANA 2027-01-07: 5 personal (requiere 4)
2025-10-26 17:28:23,413 - DEBUG -   ✓ NOCHE 2027-01-08: 3 personal (requiere 3)
2025-10-26 17:28:23,414 - DEBUG -   ✓ MANANA 2027-01-08: 8 personal (requiere 4)
2025-10-26 17:28:23,414 - DEBUG -   ✓ TARDE 2027-01-08: 3 personal (requiere 3)
2025-10-26 17:28:23,414 - DEBUG -   ✓ NOCHE 2027-01-09: 4 personal (requiere 3)
2025-10-26 17:28:23,415 - DEBUG -   ✓ MANANA 2027-01-09: 5 personal (requiere 4)
2025-10-26 17:28:23,415 - DEBUG -   ✓ TARDE 2027-01-09: 6 personal (requiere 3)
2025-10-26 17:28:23,415 - DEBUG -   ✓ NOCHE 2027-01-10: 6 personal (requiere 3)
2025-10-26 17:28:23,416 - DEBUG -   ✓ MANANA 2027-01-10: 5 personal (requiere 4)
2025-10-26 17:28:23,416 - DEBUG -   ✓ TARDE 2027-01-10: 4 personal (requiere 3)
2025-10-26 17:28:23,416 - DEBUG -   ✓ TARDE 2027-01-11: 5 personal (requiere 3)
2025-10-26 17:28:23,416 - DEBUG -   ✓ NOCHE 2027-01-11: 6 personal (requiere 3)
2025-10-26 17:28:23,417 - DEBUG -   ✓ MANANA 2027-01-11: 4 personal (requiere 4)
2025-10-26 17:28:23,417 - DEBUG -   ✓ MANANA 2027-01-12: 4 personal (requiere 4)
2025-10-26 17:28:23,417 - DEBUG -   ✓ TARDE 2027-01-12: 5 personal (requiere 3)
2025-10-26 17:28:23,418 - DEBUG -   ✓ NOCHE 2027-01-12: 6 personal (requiere 3)
2025-10-26 17:28:23,418 - DEBUG -   ✓ NOCHE 2027-01-13: 7 personal (requiere 3)
2025-10-26 17:28:23,418 - DEBUG -   ✓ MANANA 2027-01-13: 4 personal (requiere 4)
2025-10-26 17:28:23,419 - DEBUG -   ✓ TARDE 2027-01-13: 3 personal (requiere 3)
2025-10-26 17:28:23,419 - DEBUG -   ✓ NOCHE 2027-01-14: 6 personal (requiere 3)
2025-10-26 17:28:23,419 - DEBUG -   ✓ MANANA 2027-01-14: 4 personal (requiere 4)
2025-10-26 17:28:23,420 - DEBUG -   ✓ TARDE 2027-01-14: 4 personal (requiere 3)
2025-10-26 17:28:23,420 - DEBUG -   ✓ NOCHE 2027-01-15: 6 personal (requiere 3)
2025-10-26 17:28:23,420 - DEBUG -   ✓ MANANA 2027-01-15: 5 personal (requiere 4)
2025-10-26 17:28:23,421 - DEBUG -   ✓ TARDE 2027-01-15: 5 personal (requiere 3)
2025-10-26 17:28:23,422 - DEBUG -   ✓ TARDE 2027-01-16: 6 personal (requiere 3)
2025-10-26 17:28:23,423 - DEBUG -   ✓ MANANA 2027-01-16: 5 personal (requiere 4)
2025-10-26 17:28:23,423 - DEBUG -   ✓ NOCHE 2027-01-16: 3 personal (requiere 3)
2025-10-26 17:28:23,423 - DEBUG -   ✓ MANANA 2027-01-17: 5 personal (requiere 4)
2025-10-26 17:28:23,424 - DEBUG -   ✓ TARDE 2027-01-17: 4 personal (requiere 3)
2025-10-26 17:28:23,424 - DEBUG -   ✓ NOCHE 2027-01-17: 4 personal (requiere 3)
2025-10-26 17:28:23,424 - DEBUG -   ✓ NOCHE 2027-01-18: 5 personal (requiere 3)
2025-10-26 17:28:23,425 - DEBUG -   ✓ MANANA 2027-01-18: 5 personal (requiere 4)
2025-10-26 17:28:23,425 - DEBUG -   ✓ TARDE 2027-01-18: 3 personal (requiere 3)
2025-10-26 17:28:23,425 - DEBUG -   ✓ MANANA 2027-01-19: 7 personal (requiere 4)
2025-10-26 17:28:23,426 - DEBUG -   ✓ TARDE 2027-01-19: 3 personal (requiere 3)
2025-10-26 17:28:23,426 - DEBUG -   ✓ NOCHE 2027-01-19: 6 personal (requiere 3)
2025-10-26 17:28:23,426 - DEBUG -   ✓ NOCHE 2027-01-20: 5 personal (requiere 3)
2025-10-26 17:28:23,427 - DEBUG -   ✓ TARDE 2027-01-20: 5 personal (requiere 3)
2025-10-26 17:28:23,427 - DEBUG -   ✓ MANANA 2027-01-20: 5 personal (requiere 4)
2025-10-26 17:28:23,427 - DEBUG -   ✓ NOCHE 2027-01-21: 5 personal (requiere 3)
2025-10-26 17:28:23,428 - DEBUG -   ✓ TARDE 2027-01-21: 6 personal (requiere 3)
2025-10-26 17:28:23,428 - DEBUG -   ✓ MANANA 2027-01-21: 4 personal (requiere 4)
2025-10-26 17:28:23,428 - DEBUG -   ✓ TARDE 2027-01-22: 3 personal (requiere 3)
2025-10-26 17:28:23,429 - DEBUG -   ✓ MANANA 2027-01-22: 5 personal (requiere 4)
2025-10-26 17:28:23,429 - DEBUG -   ✓ NOCHE 2027-01-22: 5 personal (requiere 3)
2025-10-26 17:28:23,429 - DEBUG -   ✓ NOCHE 2027-01-23: 8 personal (requiere 3)
2025-10-26 17:28:23,430 - DEBUG -   ✓ TARDE 2027-01-23: 3 personal (requiere 3)
2025-10-26 17:28:23,430 - DEBUG -   ✓ MANANA 2027-01-23: 5 personal (requiere 4)
2025-10-26 17:28:23,430 - DEBUG -   ✓ NOCHE 2027-01-24: 7 personal (requiere 3)
2025-10-26 17:28:23,430 - DEBUG -   ✓ MANANA 2027-01-24: 4 personal (requiere 4)
2025-10-26 17:28:23,431 - DEBUG -   ✓ TARDE 2027-01-24: 6 personal (requiere 3)
2025-10-26 17:28:23,431 - DEBUG -   ✓ NOCHE 2027-01-25: 7 personal (requiere 3)
2025-10-26 17:28:23,431 - DEBUG -   ✓ MANANA 2027-01-25: 7 personal (requiere 4)
2025-10-26 17:28:23,432 - DEBUG -   ✓ TARDE 2027-01-25: 4 personal (requiere 3)
2025-10-26 17:28:23,432 - DEBUG -   ✓ TARDE 2027-01-26: 3 personal (requiere 3)
2025-10-26 17:28:23,432 - DEBUG -   ✓ MANANA 2027-01-26: 4 personal (requiere 4)
2025-10-26 17:28:23,433 - DEBUG -   ✓ NOCHE 2027-01-26: 6 personal (requiere 3)
2025-10-26 17:28:23,433 - DEBUG -   ✓ MANANA 2027-01-27: 6 personal (requiere 4)
2025-10-26 17:28:23,433 - DEBUG -   ✓ NOCHE 2027-01-27: 4 personal (requiere 3)
2025-10-26 17:28:23,434 - DEBUG -   ✓ TARDE 2027-01-27: 5 personal (requiere 3)
2025-10-26 17:28:23,434 - DEBUG -   ✓ NOCHE 2027-01-28: 3 personal (requiere 3)
2025-10-26 17:28:23,434 - DEBUG -   ✓ TARDE 2027-01-28: 3 personal (requiere 3)
2025-10-26 17:28:23,434 - DEBUG -   ✓ MANANA 2027-01-28: 10 personal (requiere 4)
2025-10-26 17:28:23,435 - DEBUG -   ✓ NOCHE 2027-01-29: 6 personal (requiere 3)
2025-10-26 17:28:23,435 - DEBUG -   ✓ TARDE 2027-01-29: 5 personal (requiere 3)
2025-10-26 17:28:23,435 - DEBUG -   ✓ MANANA 2027-01-29: 4 personal (requiere 4)
2025-10-26 17:28:23,435 - DEBUG -   ✓ NOCHE 2027-01-30: 5 personal (requiere 3)
2025-10-26 17:28:23,436 - DEBUG -   ✓ MANANA 2027-01-30: 8 personal (requiere 4)
2025-10-26 17:28:23,436 - DEBUG -   ✓ TARDE 2027-01-30: 3 personal (requiere 3)
2025-10-26 17:28:23,436 - DEBUG -   ✓ MANANA 2027-01-31: 4 personal (requiere 4)
2025-10-26 17:28:23,437 - DEBUG -   ✓ NOCHE 2027-01-31: 7 personal (requiere 3)
2025-10-26 17:28:23,437 - DEBUG -   ✓ TARDE 2027-01-31: 6 personal (requiere 3)
2025-10-26 17:28:23,437 - ERROR - Error: 'ValidadorRestricciones' object has no attribute '_log_validacion'
Traceback (most recent call last):
  File "C:\Users\luiss\OneDrive\Documents\planificador_turnos\turnos\generador.py", line 318, in resolver
    val = ValidadorRestricciones(self.configuracion, res).validar()
  File "C:\Users\luiss\OneDrive\Documents\planificador_turnos\turnos\generador.py", line 44, in validar
    self._cobertura_minima_por_turno()
    ~~~~~~~~~~~~~~~~~~~~~~~~~~~~~~~~^^
  File "C:\Users\luiss\OneDrive\Documents\planificador_turnos\turnos\generador.py", line 98, in _cobertura_minima_por_turno
    self._log_validacion("RD019", valido, f"Cobertura verificada para {len(cobertura_por_turno_dia)} turnos")
    ^^^^^^^^^^^^^^^^^^^^
AttributeError: 'ValidadorRestricciones' object has no attribute '_log_validacion'
2025-10-26 17:32:55,740 - INFO - Demanda raw: {'MANANA': {'min': 3, 'optimo': 4, 'max': 5}, 'TARDE': {'min': 3, 'optimo': 3, 'max': 4}, 'NOCHE': {'min': 3, 'optimo': 3, 'max': 3}} (type: dict)
2025-10-26 17:32:55,740 - INFO - Formato complejo detectado para MANANA: {'min': 3, 'optimo': 4, 'max': 5}
2025-10-26 17:32:55,741 - DEBUG -   Usando 'optimo': 4
2025-10-26 17:32:55,742 - INFO - Formato complejo detectado para TARDE: {'min': 3, 'optimo': 3, 'max': 4}
2025-10-26 17:32:55,743 - DEBUG -   Usando 'optimo': 3
2025-10-26 17:32:55,743 - INFO - Formato complejo detectado para NOCHE: {'min': 3, 'optimo': 3, 'max': 3}
2025-10-26 17:32:55,744 - DEBUG -   Usando 'optimo': 3
2025-10-26 17:32:55,745 - INFO - ✓ Demanda procesada: {'MANANA': 4, 'TARDE': 3, 'NOCHE': 3}
2025-10-26 17:32:55,745 - INFO - RD (array): 20
2025-10-26 17:32:55,746 - INFO - RB (array): 15
2025-10-26 17:32:55,747 - INFO - ================================================================================
2025-10-26 17:32:55,748 - INFO - INICIO GENERADOR
2025-10-26 17:32:55,748 - INFO - ================================================================================
2025-10-26 17:32:55,749 - INFO - Config: pruebacompleta | Días: 365 | Enfs: 18 | Turnos: 3
2025-10-26 17:32:55,750 - INFO - Demanda: {'MANANA': 4, 'TARDE': 3, 'NOCHE': 3}
2025-10-26 17:32:55,751 - INFO - Creamos 19710 variables booleanas
2025-10-26 17:32:56,720 - INFO - RD020 aplicada (una por día)
2025-10-26 17:32:56,984 - INFO - RD019 aplicada (cobertura mínima)
2025-10-26 17:32:57,608 - INFO - RD006 aplicada (NOCHE->MAÑANA prohibido)
2025-10-26 17:32:57,609 - INFO - RD014-16 verificación en validador
2025-10-26 17:32:57,998 - INFO - RB equidad aplicada con 3 términos
2025-10-26 17:32:57,999 - INFO - Resolve: 600s | workers=8
2025-10-26 17:34:00,473 - INFO - Estado: OPTIMAL | Time: 62.381s | Conflicts: 416 | Branches: 205678
2025-10-26 17:34:00,542 - INFO - Asignaciones: 5112
2025-10-26 17:34:00,542 - INFO - ================================================================================
2025-10-26 17:34:00,542 - INFO - INICIANDO VALIDACIONES
2025-10-26 17:34:00,543 - INFO - ================================================================================
2025-10-26 17:34:00,546 - INFO - ✓ VÁLIDO: RD020 - 5112 asignaciones únicas
2025-10-26 17:34:00,547 - INFO - 
[RD019] Validando: Cobertura mínima por turno
2025-10-26 17:34:00,550 - DEBUG -   ✓ NOCHE 2026-02-01: 4 personal (requiere 3)
2025-10-26 17:34:00,550 - DEBUG -   ✓ TARDE 2026-02-01: 3 personal (requiere 3)
2025-10-26 17:34:00,551 - DEBUG -   ✓ MANANA 2026-02-01: 5 personal (requiere 4)
2025-10-26 17:34:00,551 - DEBUG -   ✓ TARDE 2026-02-02: 3 personal (requiere 3)
2025-10-26 17:34:00,552 - DEBUG -   ✓ MANANA 2026-02-02: 4 personal (requiere 4)
2025-10-26 17:34:00,552 - DEBUG -   ✓ NOCHE 2026-02-02: 3 personal (requiere 3)
2025-10-26 17:34:00,552 - DEBUG -   ✓ MANANA 2026-02-03: 4 personal (requiere 4)
2025-10-26 17:34:00,553 - DEBUG -   ✓ NOCHE 2026-02-03: 4 personal (requiere 3)
2025-10-26 17:34:00,553 - DEBUG -   ✓ TARDE 2026-02-03: 3 personal (requiere 3)
2025-10-26 17:34:00,553 - DEBUG -   ✓ MANANA 2026-02-04: 4 personal (requiere 4)
2025-10-26 17:34:00,554 - DEBUG -   ✓ TARDE 2026-02-04: 3 personal (requiere 3)
2025-10-26 17:34:00,554 - DEBUG -   ✓ NOCHE 2026-02-04: 6 personal (requiere 3)
2025-10-26 17:34:00,555 - DEBUG -   ✓ MANANA 2026-02-05: 5 personal (requiere 4)
2025-10-26 17:34:00,555 - DEBUG -   ✓ NOCHE 2026-02-05: 4 personal (requiere 3)
2025-10-26 17:34:00,555 - DEBUG -   ✓ TARDE 2026-02-05: 3 personal (requiere 3)
2025-10-26 17:34:00,556 - DEBUG -   ✓ MANANA 2026-02-06: 4 personal (requiere 4)
2025-10-26 17:34:00,556 - DEBUG -   ✓ TARDE 2026-02-06: 3 personal (requiere 3)
2025-10-26 17:34:00,556 - DEBUG -   ✓ NOCHE 2026-02-06: 4 personal (requiere 3)
2025-10-26 17:34:00,557 - DEBUG -   ✓ MANANA 2026-02-07: 4 personal (requiere 4)
2025-10-26 17:34:00,558 - DEBUG -   ✓ TARDE 2026-02-07: 3 personal (requiere 3)
2025-10-26 17:34:00,559 - DEBUG -   ✓ NOCHE 2026-02-07: 6 personal (requiere 3)
2025-10-26 17:34:00,559 - DEBUG -   ✓ TARDE 2026-02-08: 4 personal (requiere 3)
2025-10-26 17:34:00,559 - DEBUG -   ✓ NOCHE 2026-02-08: 6 personal (requiere 3)
2025-10-26 17:34:00,560 - DEBUG -   ✓ MANANA 2026-02-08: 4 personal (requiere 4)
2025-10-26 17:34:00,560 - DEBUG -   ✓ MANANA 2026-02-09: 4 personal (requiere 4)
2025-10-26 17:34:00,561 - DEBUG -   ✓ TARDE 2026-02-09: 4 personal (requiere 3)
2025-10-26 17:34:00,561 - DEBUG -   ✓ NOCHE 2026-02-09: 4 personal (requiere 3)
2025-10-26 17:34:00,561 - DEBUG -   ✓ NOCHE 2026-02-10: 4 personal (requiere 3)
2025-10-26 17:34:00,562 - DEBUG -   ✓ MANANA 2026-02-10: 5 personal (requiere 4)
2025-10-26 17:34:00,562 - DEBUG -   ✓ TARDE 2026-02-10: 3 personal (requiere 3)
2025-10-26 17:34:00,562 - DEBUG -   ✓ TARDE 2026-02-11: 3 personal (requiere 3)
2025-10-26 17:34:00,562 - DEBUG -   ✓ MANANA 2026-02-11: 4 personal (requiere 4)
2025-10-26 17:34:00,563 - DEBUG -   ✓ NOCHE 2026-02-11: 3 personal (requiere 3)
2025-10-26 17:34:00,563 - DEBUG -   ✓ MANANA 2026-02-12: 4 personal (requiere 4)
2025-10-26 17:34:00,563 - DEBUG -   ✓ NOCHE 2026-02-12: 5 personal (requiere 3)
2025-10-26 17:34:00,564 - DEBUG -   ✓ TARDE 2026-02-12: 4 personal (requiere 3)
2025-10-26 17:34:00,564 - DEBUG -   ✓ TARDE 2026-02-13: 3 personal (requiere 3)
2025-10-26 17:34:00,564 - DEBUG -   ✓ NOCHE 2026-02-13: 6 personal (requiere 3)
2025-10-26 17:34:00,565 - DEBUG -   ✓ MANANA 2026-02-13: 4 personal (requiere 4)
2025-10-26 17:34:00,565 - DEBUG -   ✓ MANANA 2026-02-14: 4 personal (requiere 4)
2025-10-26 17:34:00,566 - DEBUG -   ✓ TARDE 2026-02-14: 5 personal (requiere 3)
2025-10-26 17:34:00,566 - DEBUG -   ✓ NOCHE 2026-02-14: 4 personal (requiere 3)
2025-10-26 17:34:00,566 - DEBUG -   ✓ MANANA 2026-02-15: 4 personal (requiere 4)
2025-10-26 17:34:00,567 - DEBUG -   ✓ TARDE 2026-02-15: 4 personal (requiere 3)
2025-10-26 17:34:00,567 - DEBUG -   ✓ NOCHE 2026-02-15: 3 personal (requiere 3)
2025-10-26 17:34:00,567 - DEBUG -   ✓ MANANA 2026-02-16: 4 personal (requiere 4)
2025-10-26 17:34:00,568 - DEBUG -   ✓ NOCHE 2026-02-16: 4 personal (requiere 3)
2025-10-26 17:34:00,568 - DEBUG -   ✓ TARDE 2026-02-16: 4 personal (requiere 3)
2025-10-26 17:34:00,568 - DEBUG -   ✓ TARDE 2026-02-17: 3 personal (requiere 3)
2025-10-26 17:34:00,568 - DEBUG -   ✓ MANANA 2026-02-17: 4 personal (requiere 4)
2025-10-26 17:34:00,569 - DEBUG -   ✓ NOCHE 2026-02-17: 4 personal (requiere 3)
2025-10-26 17:34:00,569 - DEBUG -   ✓ TARDE 2026-02-18: 3 personal (requiere 3)
2025-10-26 17:34:00,569 - DEBUG -   ✓ MANANA 2026-02-18: 4 personal (requiere 4)
2025-10-26 17:34:00,570 - DEBUG -   ✓ NOCHE 2026-02-18: 3 personal (requiere 3)
2025-10-26 17:34:00,570 - DEBUG -   ✓ MANANA 2026-02-19: 4 personal (requiere 4)
2025-10-26 17:34:00,570 - DEBUG -   ✓ NOCHE 2026-02-19: 3 personal (requiere 3)
2025-10-26 17:34:00,571 - DEBUG -   ✓ TARDE 2026-02-19: 4 personal (requiere 3)
2025-10-26 17:34:00,571 - DEBUG -   ✓ TARDE 2026-02-20: 3 personal (requiere 3)
2025-10-26 17:34:00,571 - DEBUG -   ✓ MANANA 2026-02-20: 4 personal (requiere 4)
2025-10-26 17:34:00,572 - DEBUG -   ✓ NOCHE 2026-02-20: 5 personal (requiere 3)
2025-10-26 17:34:00,572 - DEBUG -   ✓ TARDE 2026-02-21: 3 personal (requiere 3)
2025-10-26 17:34:00,573 - DEBUG -   ✓ MANANA 2026-02-21: 4 personal (requiere 4)
2025-10-26 17:34:00,573 - DEBUG -   ✓ NOCHE 2026-02-21: 5 personal (requiere 3)
2025-10-26 17:34:00,573 - DEBUG -   ✓ NOCHE 2026-02-22: 3 personal (requiere 3)
2025-10-26 17:34:00,574 - DEBUG -   ✓ MANANA 2026-02-22: 4 personal (requiere 4)
2025-10-26 17:34:00,574 - DEBUG -   ✓ TARDE 2026-02-22: 5 personal (requiere 3)
2025-10-26 17:34:00,574 - DEBUG -   ✓ NOCHE 2026-02-23: 4 personal (requiere 3)
2025-10-26 17:34:00,575 - DEBUG -   ✓ TARDE 2026-02-23: 3 personal (requiere 3)
2025-10-26 17:34:00,575 - DEBUG -   ✓ MANANA 2026-02-23: 4 personal (requiere 4)
2025-10-26 17:34:00,575 - DEBUG -   ✓ TARDE 2026-02-24: 3 personal (requiere 3)
2025-10-26 17:34:00,576 - DEBUG -   ✓ MANANA 2026-02-24: 4 personal (requiere 4)
2025-10-26 17:34:00,576 - DEBUG -   ✓ NOCHE 2026-02-24: 3 personal (requiere 3)
2025-10-26 17:34:00,576 - DEBUG -   ✓ MANANA 2026-02-25: 4 personal (requiere 4)
2025-10-26 17:34:00,577 - DEBUG -   ✓ TARDE 2026-02-25: 4 personal (requiere 3)
2025-10-26 17:34:00,577 - DEBUG -   ✓ NOCHE 2026-02-25: 3 personal (requiere 3)
2025-10-26 17:34:00,578 - DEBUG -   ✓ TARDE 2026-02-26: 3 personal (requiere 3)
2025-10-26 17:34:00,578 - DEBUG -   ✓ MANANA 2026-02-26: 4 personal (requiere 4)
2025-10-26 17:34:00,578 - DEBUG -   ✓ NOCHE 2026-02-26: 6 personal (requiere 3)
2025-10-26 17:34:00,579 - DEBUG -   ✓ NOCHE 2026-02-27: 4 personal (requiere 3)
2025-10-26 17:34:00,579 - DEBUG -   ✓ TARDE 2026-02-27: 3 personal (requiere 3)
2025-10-26 17:34:00,579 - DEBUG -   ✓ MANANA 2026-02-27: 4 personal (requiere 4)
2025-10-26 17:34:00,580 - DEBUG -   ✓ TARDE 2026-02-28: 3 personal (requiere 3)
2025-10-26 17:34:00,580 - DEBUG -   ✓ MANANA 2026-02-28: 4 personal (requiere 4)
2025-10-26 17:34:00,580 - DEBUG -   ✓ NOCHE 2026-02-28: 4 personal (requiere 3)
2025-10-26 17:34:00,580 - DEBUG -   ✓ TARDE 2026-03-01: 3 personal (requiere 3)
2025-10-26 17:34:00,581 - DEBUG -   ✓ NOCHE 2026-03-01: 4 personal (requiere 3)
2025-10-26 17:34:00,581 - DEBUG -   ✓ MANANA 2026-03-01: 4 personal (requiere 4)
2025-10-26 17:34:00,581 - DEBUG -   ✓ TARDE 2026-03-02: 5 personal (requiere 3)
2025-10-26 17:34:00,582 - DEBUG -   ✓ MANANA 2026-03-02: 4 personal (requiere 4)
2025-10-26 17:34:00,582 - DEBUG -   ✓ NOCHE 2026-03-02: 3 personal (requiere 3)
2025-10-26 17:34:00,582 - DEBUG -   ✓ TARDE 2026-03-03: 3 personal (requiere 3)
2025-10-26 17:34:00,583 - DEBUG -   ✓ MANANA 2026-03-03: 4 personal (requiere 4)
2025-10-26 17:34:00,583 - DEBUG -   ✓ NOCHE 2026-03-03: 6 personal (requiere 3)
2025-10-26 17:34:00,583 - DEBUG -   ✓ TARDE 2026-03-04: 3 personal (requiere 3)
2025-10-26 17:34:00,584 - DEBUG -   ✓ NOCHE 2026-03-04: 3 personal (requiere 3)
2025-10-26 17:34:00,584 - DEBUG -   ✓ MANANA 2026-03-04: 4 personal (requiere 4)
2025-10-26 17:34:00,584 - DEBUG -   ✓ NOCHE 2026-03-05: 3 personal (requiere 3)
2025-10-26 17:34:00,584 - DEBUG -   ✓ TARDE 2026-03-05: 3 personal (requiere 3)
2025-10-26 17:34:00,585 - DEBUG -   ✓ MANANA 2026-03-05: 4 personal (requiere 4)
2025-10-26 17:34:00,585 - DEBUG -   ✓ TARDE 2026-03-06: 3 personal (requiere 3)
2025-10-26 17:34:00,586 - DEBUG -   ✓ MANANA 2026-03-06: 4 personal (requiere 4)
2025-10-26 17:34:00,586 - DEBUG -   ✓ NOCHE 2026-03-06: 4 personal (requiere 3)
2025-10-26 17:34:00,586 - DEBUG -   ✓ TARDE 2026-03-07: 3 personal (requiere 3)
2025-10-26 17:34:00,587 - DEBUG -   ✓ MANANA 2026-03-07: 4 personal (requiere 4)
2025-10-26 17:34:00,587 - DEBUG -   ✓ NOCHE 2026-03-07: 3 personal (requiere 3)
2025-10-26 17:34:00,587 - DEBUG -   ✓ MANANA 2026-03-08: 4 personal (requiere 4)
2025-10-26 17:34:00,588 - DEBUG -   ✓ TARDE 2026-03-08: 3 personal (requiere 3)
2025-10-26 17:34:00,588 - DEBUG -   ✓ NOCHE 2026-03-08: 3 personal (requiere 3)
2025-10-26 17:34:00,589 - DEBUG -   ✓ MANANA 2026-03-09: 4 personal (requiere 4)
2025-10-26 17:34:00,589 - DEBUG -   ✓ TARDE 2026-03-09: 4 personal (requiere 3)
2025-10-26 17:34:00,589 - DEBUG -   ✓ NOCHE 2026-03-09: 4 personal (requiere 3)
2025-10-26 17:34:00,590 - DEBUG -   ✓ MANANA 2026-03-10: 4 personal (requiere 4)
2025-10-26 17:34:00,590 - DEBUG -   ✓ TARDE 2026-03-10: 3 personal (requiere 3)
2025-10-26 17:34:00,590 - DEBUG -   ✓ NOCHE 2026-03-10: 4 personal (requiere 3)
2025-10-26 17:34:00,591 - DEBUG -   ✓ TARDE 2026-03-11: 3 personal (requiere 3)
2025-10-26 17:34:00,591 - DEBUG -   ✓ MANANA 2026-03-11: 4 personal (requiere 4)
2025-10-26 17:34:00,591 - DEBUG -   ✓ NOCHE 2026-03-11: 4 personal (requiere 3)
2025-10-26 17:34:00,591 - DEBUG -   ✓ MANANA 2026-03-12: 4 personal (requiere 4)
2025-10-26 17:34:00,592 - DEBUG -   ✓ NOCHE 2026-03-12: 4 personal (requiere 3)
2025-10-26 17:34:00,592 - DEBUG -   ✓ TARDE 2026-03-12: 3 personal (requiere 3)
2025-10-26 17:34:00,592 - DEBUG -   ✓ MANANA 2026-03-13: 4 personal (requiere 4)
2025-10-26 17:34:00,593 - DEBUG -   ✓ TARDE 2026-03-13: 3 personal (requiere 3)
2025-10-26 17:34:00,593 - DEBUG -   ✓ NOCHE 2026-03-13: 6 personal (requiere 3)
2025-10-26 17:34:00,594 - DEBUG -   ✓ MANANA 2026-03-14: 4 personal (requiere 4)
2025-10-26 17:34:00,594 - DEBUG -   ✓ NOCHE 2026-03-14: 5 personal (requiere 3)
2025-10-26 17:34:00,594 - DEBUG -   ✓ TARDE 2026-03-14: 3 personal (requiere 3)
2025-10-26 17:34:00,595 - DEBUG -   ✓ TARDE 2026-03-15: 4 personal (requiere 3)
2025-10-26 17:34:00,595 - DEBUG -   ✓ MANANA 2026-03-15: 4 personal (requiere 4)
2025-10-26 17:34:00,596 - DEBUG -   ✓ NOCHE 2026-03-15: 6 personal (requiere 3)
2025-10-26 17:34:00,596 - DEBUG -   ✓ MANANA 2026-03-16: 4 personal (requiere 4)
2025-10-26 17:34:00,596 - DEBUG -   ✓ NOCHE 2026-03-16: 4 personal (requiere 3)
2025-10-26 17:34:00,597 - DEBUG -   ✓ TARDE 2026-03-16: 6 personal (requiere 3)
2025-10-26 17:34:00,597 - DEBUG -   ✓ TARDE 2026-03-17: 3 personal (requiere 3)
2025-10-26 17:34:00,597 - DEBUG -   ✓ MANANA 2026-03-17: 4 personal (requiere 4)
2025-10-26 17:34:00,598 - DEBUG -   ✓ NOCHE 2026-03-17: 5 personal (requiere 3)
2025-10-26 17:34:00,598 - DEBUG -   ✓ TARDE 2026-03-18: 3 personal (requiere 3)
2025-10-26 17:34:00,598 - DEBUG -   ✓ MANANA 2026-03-18: 4 personal (requiere 4)
2025-10-26 17:34:00,599 - DEBUG -   ✓ NOCHE 2026-03-18: 5 personal (requiere 3)
2025-10-26 17:34:00,599 - DEBUG -   ✓ TARDE 2026-03-19: 3 personal (requiere 3)
2025-10-26 17:34:00,599 - DEBUG -   ✓ MANANA 2026-03-19: 5 personal (requiere 4)
2025-10-26 17:34:00,600 - DEBUG -   ✓ NOCHE 2026-03-19: 5 personal (requiere 3)
2025-10-26 17:34:00,600 - DEBUG -   ✓ MANANA 2026-03-20: 4 personal (requiere 4)
2025-10-26 17:34:00,600 - DEBUG -   ✓ TARDE 2026-03-20: 4 personal (requiere 3)
2025-10-26 17:34:00,601 - DEBUG -   ✓ NOCHE 2026-03-20: 5 personal (requiere 3)
2025-10-26 17:34:00,601 - DEBUG -   ✓ TARDE 2026-03-21: 3 personal (requiere 3)
2025-10-26 17:34:00,601 - DEBUG -   ✓ MANANA 2026-03-21: 4 personal (requiere 4)
2025-10-26 17:34:00,601 - DEBUG -   ✓ NOCHE 2026-03-21: 5 personal (requiere 3)
2025-10-26 17:34:00,602 - DEBUG -   ✓ MANANA 2026-03-22: 4 personal (requiere 4)
2025-10-26 17:34:00,602 - DEBUG -   ✓ NOCHE 2026-03-22: 4 personal (requiere 3)
2025-10-26 17:34:00,602 - DEBUG -   ✓ TARDE 2026-03-22: 3 personal (requiere 3)
2025-10-26 17:34:00,603 - DEBUG -   ✓ TARDE 2026-03-23: 7 personal (requiere 3)
2025-10-26 17:34:00,603 - DEBUG -   ✓ NOCHE 2026-03-23: 3 personal (requiere 3)
2025-10-26 17:34:00,603 - DEBUG -   ✓ MANANA 2026-03-23: 4 personal (requiere 4)
2025-10-26 17:34:00,603 - DEBUG -   ✓ MANANA 2026-03-24: 4 personal (requiere 4)
2025-10-26 17:34:00,604 - DEBUG -   ✓ TARDE 2026-03-24: 3 personal (requiere 3)
2025-10-26 17:34:00,604 - DEBUG -   ✓ NOCHE 2026-03-24: 3 personal (requiere 3)
2025-10-26 17:34:00,604 - DEBUG -   ✓ MANANA 2026-03-25: 5 personal (requiere 4)
2025-10-26 17:34:00,605 - DEBUG -   ✓ NOCHE 2026-03-25: 3 personal (requiere 3)
2025-10-26 17:34:00,605 - DEBUG -   ✓ TARDE 2026-03-25: 4 personal (requiere 3)
2025-10-26 17:34:00,605 - DEBUG -   ✓ MANANA 2026-03-26: 5 personal (requiere 4)
2025-10-26 17:34:00,606 - DEBUG -   ✓ TARDE 2026-03-26: 3 personal (requiere 3)
2025-10-26 17:34:00,606 - DEBUG -   ✓ NOCHE 2026-03-26: 3 personal (requiere 3)
2025-10-26 17:34:00,606 - DEBUG -   ✓ MANANA 2026-03-27: 5 personal (requiere 4)
2025-10-26 17:34:00,607 - DEBUG -   ✓ TARDE 2026-03-27: 3 personal (requiere 3)
2025-10-26 17:34:00,607 - DEBUG -   ✓ NOCHE 2026-03-27: 3 personal (requiere 3)
2025-10-26 17:34:00,607 - DEBUG -   ✓ MANANA 2026-03-28: 4 personal (requiere 4)
2025-10-26 17:34:00,608 - DEBUG -   ✓ TARDE 2026-03-28: 3 personal (requiere 3)
2025-10-26 17:34:00,608 - DEBUG -   ✓ NOCHE 2026-03-28: 5 personal (requiere 3)
2025-10-26 17:34:00,608 - DEBUG -   ✓ MANANA 2026-03-29: 4 personal (requiere 4)
2025-10-26 17:34:00,609 - DEBUG -   ✓ NOCHE 2026-03-29: 5 personal (requiere 3)
2025-10-26 17:34:00,610 - DEBUG -   ✓ TARDE 2026-03-29: 3 personal (requiere 3)
2025-10-26 17:34:00,610 - DEBUG -   ✓ NOCHE 2026-03-30: 5 personal (requiere 3)
2025-10-26 17:34:00,611 - DEBUG -   ✓ MANANA 2026-03-30: 4 personal (requiere 4)
2025-10-26 17:34:00,611 - DEBUG -   ✓ TARDE 2026-03-30: 3 personal (requiere 3)
2025-10-26 17:34:00,611 - DEBUG -   ✓ TARDE 2026-03-31: 3 personal (requiere 3)
2025-10-26 17:34:00,611 - DEBUG -   ✓ NOCHE 2026-03-31: 7 personal (requiere 3)
2025-10-26 17:34:00,612 - DEBUG -   ✓ MANANA 2026-03-31: 4 personal (requiere 4)
2025-10-26 17:34:00,612 - DEBUG -   ✓ TARDE 2026-04-01: 3 personal (requiere 3)
2025-10-26 17:34:00,612 - DEBUG -   ✓ NOCHE 2026-04-01: 8 personal (requiere 3)
2025-10-26 17:34:00,613 - DEBUG -   ✓ MANANA 2026-04-01: 4 personal (requiere 4)
2025-10-26 17:34:00,613 - DEBUG -   ✓ NOCHE 2026-04-02: 5 personal (requiere 3)
2025-10-26 17:34:00,613 - DEBUG -   ✓ TARDE 2026-04-02: 3 personal (requiere 3)
2025-10-26 17:34:00,613 - DEBUG -   ✓ MANANA 2026-04-02: 4 personal (requiere 4)
2025-10-26 17:34:00,614 - DEBUG -   ✓ TARDE 2026-04-03: 4 personal (requiere 3)
2025-10-26 17:34:00,614 - DEBUG -   ✓ MANANA 2026-04-03: 4 personal (requiere 4)
2025-10-26 17:34:00,614 - DEBUG -   ✓ NOCHE 2026-04-03: 5 personal (requiere 3)
2025-10-26 17:34:00,614 - DEBUG -   ✓ TARDE 2026-04-04: 3 personal (requiere 3)
2025-10-26 17:34:00,615 - DEBUG -   ✓ MANANA 2026-04-04: 4 personal (requiere 4)
2025-10-26 17:34:00,615 - DEBUG -   ✓ NOCHE 2026-04-04: 3 personal (requiere 3)
2025-10-26 17:34:00,615 - DEBUG -   ✓ NOCHE 2026-04-05: 3 personal (requiere 3)
2025-10-26 17:34:00,616 - DEBUG -   ✓ MANANA 2026-04-05: 4 personal (requiere 4)
2025-10-26 17:34:00,616 - DEBUG -   ✓ TARDE 2026-04-05: 4 personal (requiere 3)
2025-10-26 17:34:00,616 - DEBUG -   ✓ MANANA 2026-04-06: 4 personal (requiere 4)
2025-10-26 17:34:00,617 - DEBUG -   ✓ NOCHE 2026-04-06: 3 personal (requiere 3)
2025-10-26 17:34:00,617 - DEBUG -   ✓ TARDE 2026-04-06: 4 personal (requiere 3)
2025-10-26 17:34:00,617 - DEBUG -   ✓ NOCHE 2026-04-07: 4 personal (requiere 3)
2025-10-26 17:34:00,617 - DEBUG -   ✓ TARDE 2026-04-07: 4 personal (requiere 3)
2025-10-26 17:34:00,618 - DEBUG -   ✓ MANANA 2026-04-07: 4 personal (requiere 4)
2025-10-26 17:34:00,618 - DEBUG -   ✓ MANANA 2026-04-08: 4 personal (requiere 4)
2025-10-26 17:34:00,618 - DEBUG -   ✓ NOCHE 2026-04-08: 4 personal (requiere 3)
2025-10-26 17:34:00,618 - DEBUG -   ✓ TARDE 2026-04-08: 3 personal (requiere 3)
2025-10-26 17:34:00,619 - DEBUG -   ✓ TARDE 2026-04-09: 3 personal (requiere 3)
2025-10-26 17:34:00,619 - DEBUG -   ✓ MANANA 2026-04-09: 4 personal (requiere 4)
2025-10-26 17:34:00,619 - DEBUG -   ✓ NOCHE 2026-04-09: 6 personal (requiere 3)
2025-10-26 17:34:00,620 - DEBUG -   ✓ NOCHE 2026-04-10: 5 personal (requiere 3)
2025-10-26 17:34:00,620 - DEBUG -   ✓ MANANA 2026-04-10: 5 personal (requiere 4)
2025-10-26 17:34:00,620 - DEBUG -   ✓ TARDE 2026-04-10: 3 personal (requiere 3)
2025-10-26 17:34:00,621 - DEBUG -   ✓ MANANA 2026-04-11: 4 personal (requiere 4)
2025-10-26 17:34:00,621 - DEBUG -   ✓ NOCHE 2026-04-11: 4 personal (requiere 3)
2025-10-26 17:34:00,621 - DEBUG -   ✓ TARDE 2026-04-11: 3 personal (requiere 3)
2025-10-26 17:34:00,622 - DEBUG -   ✓ TARDE 2026-04-12: 3 personal (requiere 3)
2025-10-26 17:34:00,622 - DEBUG -   ✓ NOCHE 2026-04-12: 3 personal (requiere 3)
2025-10-26 17:34:00,622 - DEBUG -   ✓ MANANA 2026-04-12: 5 personal (requiere 4)
2025-10-26 17:34:00,622 - DEBUG -   ✓ MANANA 2026-04-13: 4 personal (requiere 4)
2025-10-26 17:34:00,623 - DEBUG -   ✓ NOCHE 2026-04-13: 3 personal (requiere 3)
2025-10-26 17:34:00,623 - DEBUG -   ✓ TARDE 2026-04-13: 3 personal (requiere 3)
2025-10-26 17:34:00,623 - DEBUG -   ✓ TARDE 2026-04-14: 3 personal (requiere 3)
2025-10-26 17:34:00,624 - DEBUG -   ✓ MANANA 2026-04-14: 4 personal (requiere 4)
2025-10-26 17:34:00,624 - DEBUG -   ✓ NOCHE 2026-04-14: 5 personal (requiere 3)
2025-10-26 17:34:00,624 - DEBUG -   ✓ NOCHE 2026-04-15: 4 personal (requiere 3)
2025-10-26 17:34:00,625 - DEBUG -   ✓ MANANA 2026-04-15: 6 personal (requiere 4)
2025-10-26 17:34:00,625 - DEBUG -   ✓ TARDE 2026-04-15: 4 personal (requiere 3)
2025-10-26 17:34:00,625 - DEBUG -   ✓ NOCHE 2026-04-16: 4 personal (requiere 3)
2025-10-26 17:34:00,626 - DEBUG -   ✓ TARDE 2026-04-16: 4 personal (requiere 3)
2025-10-26 17:34:00,626 - DEBUG -   ✓ MANANA 2026-04-16: 9 personal (requiere 4)
2025-10-26 17:34:00,626 - DEBUG -   ✓ NOCHE 2026-04-17: 5 personal (requiere 3)
2025-10-26 17:34:00,627 - DEBUG -   ✓ MANANA 2026-04-17: 4 personal (requiere 4)
2025-10-26 17:34:00,627 - DEBUG -   ✓ TARDE 2026-04-17: 4 personal (requiere 3)
2025-10-26 17:34:00,627 - DEBUG -   ✓ TARDE 2026-04-18: 3 personal (requiere 3)
2025-10-26 17:34:00,628 - DEBUG -   ✓ NOCHE 2026-04-18: 5 personal (requiere 3)
2025-10-26 17:34:00,628 - DEBUG -   ✓ MANANA 2026-04-18: 6 personal (requiere 4)
2025-10-26 17:34:00,628 - DEBUG -   ✓ TARDE 2026-04-19: 4 personal (requiere 3)
2025-10-26 17:34:00,629 - DEBUG -   ✓ MANANA 2026-04-19: 4 personal (requiere 4)
2025-10-26 17:34:00,629 - DEBUG -   ✓ NOCHE 2026-04-19: 4 personal (requiere 3)
2025-10-26 17:34:00,629 - DEBUG -   ✓ NOCHE 2026-04-20: 3 personal (requiere 3)
2025-10-26 17:34:00,629 - DEBUG -   ✓ MANANA 2026-04-20: 4 personal (requiere 4)
2025-10-26 17:34:00,630 - DEBUG -   ✓ TARDE 2026-04-20: 8 personal (requiere 3)
2025-10-26 17:34:00,630 - DEBUG -   ✓ MANANA 2026-04-21: 4 personal (requiere 4)
2025-10-26 17:34:00,630 - DEBUG -   ✓ TARDE 2026-04-21: 6 personal (requiere 3)
2025-10-26 17:34:00,631 - DEBUG -   ✓ NOCHE 2026-04-21: 5 personal (requiere 3)
2025-10-26 17:34:00,631 - DEBUG -   ✓ MANANA 2026-04-22: 4 personal (requiere 4)
2025-10-26 17:34:00,631 - DEBUG -   ✓ NOCHE 2026-04-22: 6 personal (requiere 3)
2025-10-26 17:34:00,632 - DEBUG -   ✓ TARDE 2026-04-22: 4 personal (requiere 3)
2025-10-26 17:34:00,632 - DEBUG -   ✓ MANANA 2026-04-23: 4 personal (requiere 4)
2025-10-26 17:34:00,632 - DEBUG -   ✓ NOCHE 2026-04-23: 3 personal (requiere 3)
2025-10-26 17:34:00,632 - DEBUG -   ✓ TARDE 2026-04-23: 4 personal (requiere 3)
2025-10-26 17:34:00,633 - DEBUG -   ✓ NOCHE 2026-04-24: 4 personal (requiere 3)
2025-10-26 17:34:00,633 - DEBUG -   ✓ MANANA 2026-04-24: 4 personal (requiere 4)
2025-10-26 17:34:00,633 - DEBUG -   ✓ TARDE 2026-04-24: 4 personal (requiere 3)
2025-10-26 17:34:00,634 - DEBUG -   ✓ MANANA 2026-04-25: 6 personal (requiere 4)
2025-10-26 17:34:00,634 - DEBUG -   ✓ NOCHE 2026-04-25: 4 personal (requiere 3)
2025-10-26 17:34:00,634 - DEBUG -   ✓ TARDE 2026-04-25: 5 personal (requiere 3)
2025-10-26 17:34:00,634 - DEBUG -   ✓ NOCHE 2026-04-26: 3 personal (requiere 3)
2025-10-26 17:34:00,635 - DEBUG -   ✓ MANANA 2026-04-26: 7 personal (requiere 4)
2025-10-26 17:34:00,635 - DEBUG -   ✓ TARDE 2026-04-26: 5 personal (requiere 3)
2025-10-26 17:34:00,635 - DEBUG -   ✓ MANANA 2026-04-27: 4 personal (requiere 4)
2025-10-26 17:34:00,635 - DEBUG -   ✓ NOCHE 2026-04-27: 7 personal (requiere 3)
2025-10-26 17:34:00,636 - DEBUG -   ✓ TARDE 2026-04-27: 3 personal (requiere 3)
2025-10-26 17:34:00,636 - DEBUG -   ✓ MANANA 2026-04-28: 4 personal (requiere 4)
2025-10-26 17:34:00,636 - DEBUG -   ✓ NOCHE 2026-04-28: 3 personal (requiere 3)
2025-10-26 17:34:00,636 - DEBUG -   ✓ TARDE 2026-04-28: 4 personal (requiere 3)
2025-10-26 17:34:00,637 - DEBUG -   ✓ MANANA 2026-04-29: 4 personal (requiere 4)
2025-10-26 17:34:00,637 - DEBUG -   ✓ NOCHE 2026-04-29: 5 personal (requiere 3)
2025-10-26 17:34:00,638 - DEBUG -   ✓ TARDE 2026-04-29: 4 personal (requiere 3)
2025-10-26 17:34:00,638 - DEBUG -   ✓ NOCHE 2026-04-30: 4 personal (requiere 3)
2025-10-26 17:34:00,639 - DEBUG -   ✓ MANANA 2026-04-30: 4 personal (requiere 4)
2025-10-26 17:34:00,639 - DEBUG -   ✓ TARDE 2026-04-30: 3 personal (requiere 3)
2025-10-26 17:34:00,639 - DEBUG -   ✓ NOCHE 2026-05-01: 4 personal (requiere 3)
2025-10-26 17:34:00,639 - DEBUG -   ✓ TARDE 2026-05-01: 3 personal (requiere 3)
2025-10-26 17:34:00,640 - DEBUG -   ✓ MANANA 2026-05-01: 5 personal (requiere 4)
2025-10-26 17:34:00,640 - DEBUG -   ✓ NOCHE 2026-05-02: 6 personal (requiere 3)
2025-10-26 17:34:00,640 - DEBUG -   ✓ MANANA 2026-05-02: 4 personal (requiere 4)
2025-10-26 17:34:00,641 - DEBUG -   ✓ TARDE 2026-05-02: 3 personal (requiere 3)
2025-10-26 17:34:00,641 - DEBUG -   ✓ TARDE 2026-05-03: 4 personal (requiere 3)
2025-10-26 17:34:00,642 - DEBUG -   ✓ NOCHE 2026-05-03: 5 personal (requiere 3)
2025-10-26 17:34:00,642 - DEBUG -   ✓ MANANA 2026-05-03: 4 personal (requiere 4)
2025-10-26 17:34:00,643 - DEBUG -   ✓ MANANA 2026-05-04: 4 personal (requiere 4)
2025-10-26 17:34:00,643 - DEBUG -   ✓ NOCHE 2026-05-04: 3 personal (requiere 3)
2025-10-26 17:34:00,644 - DEBUG -   ✓ TARDE 2026-05-04: 7 personal (requiere 3)
2025-10-26 17:34:00,644 - DEBUG -   ✓ NOCHE 2026-05-05: 5 personal (requiere 3)
2025-10-26 17:34:00,644 - DEBUG -   ✓ MANANA 2026-05-05: 4 personal (requiere 4)
2025-10-26 17:34:00,645 - DEBUG -   ✓ TARDE 2026-05-05: 5 personal (requiere 3)
2025-10-26 17:34:00,645 - DEBUG -   ✓ TARDE 2026-05-06: 3 personal (requiere 3)
2025-10-26 17:34:00,645 - DEBUG -   ✓ NOCHE 2026-05-06: 5 personal (requiere 3)
2025-10-26 17:34:00,646 - DEBUG -   ✓ MANANA 2026-05-06: 6 personal (requiere 4)
2025-10-26 17:34:00,646 - DEBUG -   ✓ MANANA 2026-05-07: 4 personal (requiere 4)
2025-10-26 17:34:00,646 - DEBUG -   ✓ NOCHE 2026-05-07: 5 personal (requiere 3)
2025-10-26 17:34:00,647 - DEBUG -   ✓ TARDE 2026-05-07: 4 personal (requiere 3)
2025-10-26 17:34:00,647 - DEBUG -   ✓ TARDE 2026-05-08: 4 personal (requiere 3)
2025-10-26 17:34:00,647 - DEBUG -   ✓ NOCHE 2026-05-08: 3 personal (requiere 3)
2025-10-26 17:34:00,648 - DEBUG -   ✓ MANANA 2026-05-08: 6 personal (requiere 4)
2025-10-26 17:34:00,648 - DEBUG -   ✓ TARDE 2026-05-09: 3 personal (requiere 3)
2025-10-26 17:34:00,648 - DEBUG -   ✓ NOCHE 2026-05-09: 6 personal (requiere 3)
2025-10-26 17:34:00,649 - DEBUG -   ✓ MANANA 2026-05-09: 6 personal (requiere 4)
2025-10-26 17:34:00,649 - DEBUG -   ✓ NOCHE 2026-05-10: 6 personal (requiere 3)
2025-10-26 17:34:00,649 - DEBUG -   ✓ TARDE 2026-05-10: 5 personal (requiere 3)
2025-10-26 17:34:00,650 - DEBUG -   ✓ MANANA 2026-05-10: 4 personal (requiere 4)
2025-10-26 17:34:00,650 - DEBUG -   ✓ NOCHE 2026-05-11: 6 personal (requiere 3)
2025-10-26 17:34:00,650 - DEBUG -   ✓ MANANA 2026-05-11: 4 personal (requiere 4)
2025-10-26 17:34:00,651 - DEBUG -   ✓ TARDE 2026-05-11: 3 personal (requiere 3)
2025-10-26 17:34:00,651 - DEBUG -   ✓ TARDE 2026-05-12: 4 personal (requiere 3)
2025-10-26 17:34:00,651 - DEBUG -   ✓ NOCHE 2026-05-12: 4 personal (requiere 3)
2025-10-26 17:34:00,652 - DEBUG -   ✓ MANANA 2026-05-12: 4 personal (requiere 4)
2025-10-26 17:34:00,652 - DEBUG -   ✓ TARDE 2026-05-13: 3 personal (requiere 3)
2025-10-26 17:34:00,652 - DEBUG -   ✓ MANANA 2026-05-13: 4 personal (requiere 4)
2025-10-26 17:34:00,653 - DEBUG -   ✓ NOCHE 2026-05-13: 4 personal (requiere 3)
2025-10-26 17:34:00,653 - DEBUG -   ✓ NOCHE 2026-05-14: 3 personal (requiere 3)
2025-10-26 17:34:00,653 - DEBUG -   ✓ MANANA 2026-05-14: 5 personal (requiere 4)
2025-10-26 17:34:00,654 - DEBUG -   ✓ TARDE 2026-05-14: 3 personal (requiere 3)
2025-10-26 17:34:00,654 - DEBUG -   ✓ TARDE 2026-05-15: 3 personal (requiere 3)
2025-10-26 17:34:00,654 - DEBUG -   ✓ NOCHE 2026-05-15: 5 personal (requiere 3)
2025-10-26 17:34:00,654 - DEBUG -   ✓ MANANA 2026-05-15: 4 personal (requiere 4)
2025-10-26 17:34:00,655 - DEBUG -   ✓ NOCHE 2026-05-16: 3 personal (requiere 3)
2025-10-26 17:34:00,655 - DEBUG -   ✓ MANANA 2026-05-16: 5 personal (requiere 4)
2025-10-26 17:34:00,655 - DEBUG -   ✓ TARDE 2026-05-16: 5 personal (requiere 3)
2025-10-26 17:34:00,656 - DEBUG -   ✓ TARDE 2026-05-17: 5 personal (requiere 3)
2025-10-26 17:34:00,656 - DEBUG -   ✓ MANANA 2026-05-17: 5 personal (requiere 4)
2025-10-26 17:34:00,656 - DEBUG -   ✓ NOCHE 2026-05-17: 3 personal (requiere 3)
2025-10-26 17:34:00,657 - DEBUG -   ✓ NOCHE 2026-05-18: 7 personal (requiere 3)
2025-10-26 17:34:00,657 - DEBUG -   ✓ TARDE 2026-05-18: 3 personal (requiere 3)
2025-10-26 17:34:00,657 - DEBUG -   ✓ MANANA 2026-05-18: 4 personal (requiere 4)
2025-10-26 17:34:00,657 - DEBUG -   ✓ MANANA 2026-05-19: 4 personal (requiere 4)
2025-10-26 17:34:00,658 - DEBUG -   ✓ TARDE 2026-05-19: 6 personal (requiere 3)
2025-10-26 17:34:00,659 - DEBUG -   ✓ NOCHE 2026-05-19: 4 personal (requiere 3)
2025-10-26 17:34:00,659 - DEBUG -   ✓ NOCHE 2026-05-20: 4 personal (requiere 3)
2025-10-26 17:34:00,660 - DEBUG -   ✓ MANANA 2026-05-20: 5 personal (requiere 4)
2025-10-26 17:34:00,660 - DEBUG -   ✓ TARDE 2026-05-20: 6 personal (requiere 3)
2025-10-26 17:34:00,661 - DEBUG -   ✓ TARDE 2026-05-21: 3 personal (requiere 3)
2025-10-26 17:34:00,661 - DEBUG -   ✓ NOCHE 2026-05-21: 5 personal (requiere 3)
2025-10-26 17:34:00,661 - DEBUG -   ✓ MANANA 2026-05-21: 6 personal (requiere 4)
2025-10-26 17:34:00,662 - DEBUG -   ✓ NOCHE 2026-05-22: 5 personal (requiere 3)
2025-10-26 17:34:00,662 - DEBUG -   ✓ MANANA 2026-05-22: 4 personal (requiere 4)
2025-10-26 17:34:00,662 - DEBUG -   ✓ TARDE 2026-05-22: 5 personal (requiere 3)
2025-10-26 17:34:00,663 - DEBUG -   ✓ TARDE 2026-05-23: 3 personal (requiere 3)
2025-10-26 17:34:00,663 - DEBUG -   ✓ MANANA 2026-05-23: 7 personal (requiere 4)
2025-10-26 17:34:00,663 - DEBUG -   ✓ NOCHE 2026-05-23: 6 personal (requiere 3)
2025-10-26 17:34:00,664 - DEBUG -   ✓ NOCHE 2026-05-24: 4 personal (requiere 3)
2025-10-26 17:34:00,664 - DEBUG -   ✓ MANANA 2026-05-24: 4 personal (requiere 4)
2025-10-26 17:34:00,664 - DEBUG -   ✓ TARDE 2026-05-24: 5 personal (requiere 3)
2025-10-26 17:34:00,664 - DEBUG -   ✓ TARDE 2026-05-25: 6 personal (requiere 3)
2025-10-26 17:34:00,665 - DEBUG -   ✓ MANANA 2026-05-25: 6 personal (requiere 4)
2025-10-26 17:34:00,665 - DEBUG -   ✓ NOCHE 2026-05-25: 4 personal (requiere 3)
2025-10-26 17:34:00,665 - DEBUG -   ✓ MANANA 2026-05-26: 4 personal (requiere 4)
2025-10-26 17:34:00,665 - DEBUG -   ✓ TARDE 2026-05-26: 5 personal (requiere 3)
2025-10-26 17:34:00,666 - DEBUG -   ✓ NOCHE 2026-05-26: 4 personal (requiere 3)
2025-10-26 17:34:00,666 - DEBUG -   ✓ MANANA 2026-05-27: 4 personal (requiere 4)
2025-10-26 17:34:00,666 - DEBUG -   ✓ NOCHE 2026-05-27: 5 personal (requiere 3)
2025-10-26 17:34:00,666 - DEBUG -   ✓ TARDE 2026-05-27: 4 personal (requiere 3)
2025-10-26 17:34:00,666 - DEBUG -   ✓ NOCHE 2026-05-28: 7 personal (requiere 3)
2025-10-26 17:34:00,667 - DEBUG -   ✓ TARDE 2026-05-28: 3 personal (requiere 3)
2025-10-26 17:34:00,667 - DEBUG -   ✓ MANANA 2026-05-28: 4 personal (requiere 4)
2025-10-26 17:34:00,668 - DEBUG -   ✓ NOCHE 2026-05-29: 5 personal (requiere 3)
2025-10-26 17:34:00,668 - DEBUG -   ✓ TARDE 2026-05-29: 4 personal (requiere 3)
2025-10-26 17:34:00,668 - DEBUG -   ✓ MANANA 2026-05-29: 4 personal (requiere 4)
2025-10-26 17:34:00,668 - DEBUG -   ✓ NOCHE 2026-05-30: 4 personal (requiere 3)
2025-10-26 17:34:00,669 - DEBUG -   ✓ MANANA 2026-05-30: 5 personal (requiere 4)
2025-10-26 17:34:00,669 - DEBUG -   ✓ TARDE 2026-05-30: 5 personal (requiere 3)
2025-10-26 17:34:00,669 - DEBUG -   ✓ NOCHE 2026-05-31: 3 personal (requiere 3)
2025-10-26 17:34:00,670 - DEBUG -   ✓ MANANA 2026-05-31: 7 personal (requiere 4)
2025-10-26 17:34:00,670 - DEBUG -   ✓ TARDE 2026-05-31: 4 personal (requiere 3)
2025-10-26 17:34:00,670 - DEBUG -   ✓ MANANA 2026-06-01: 4 personal (requiere 4)
2025-10-26 17:34:00,671 - DEBUG -   ✓ TARDE 2026-06-01: 3 personal (requiere 3)
2025-10-26 17:34:00,671 - DEBUG -   ✓ NOCHE 2026-06-01: 4 personal (requiere 3)
2025-10-26 17:34:00,671 - DEBUG -   ✓ TARDE 2026-06-02: 3 personal (requiere 3)
2025-10-26 17:34:00,672 - DEBUG -   ✓ NOCHE 2026-06-02: 6 personal (requiere 3)
2025-10-26 17:34:00,672 - DEBUG -   ✓ MANANA 2026-06-02: 6 personal (requiere 4)
2025-10-26 17:34:00,672 - DEBUG -   ✓ MANANA 2026-06-03: 4 personal (requiere 4)
2025-10-26 17:34:00,673 - DEBUG -   ✓ NOCHE 2026-06-03: 7 personal (requiere 3)
2025-10-26 17:34:00,673 - DEBUG -   ✓ TARDE 2026-06-03: 3 personal (requiere 3)
2025-10-26 17:34:00,673 - DEBUG -   ✓ MANANA 2026-06-04: 4 personal (requiere 4)
2025-10-26 17:34:00,674 - DEBUG -   ✓ TARDE 2026-06-04: 3 personal (requiere 3)
2025-10-26 17:34:00,674 - DEBUG -   ✓ NOCHE 2026-06-04: 3 personal (requiere 3)
2025-10-26 17:34:00,674 - DEBUG -   ✓ NOCHE 2026-06-05: 4 personal (requiere 3)
2025-10-26 17:34:00,675 - DEBUG -   ✓ MANANA 2026-06-05: 5 personal (requiere 4)
2025-10-26 17:34:00,676 - DEBUG -   ✓ TARDE 2026-06-05: 6 personal (requiere 3)
2025-10-26 17:34:00,676 - DEBUG -   ✓ TARDE 2026-06-06: 5 personal (requiere 3)
2025-10-26 17:34:00,677 - DEBUG -   ✓ MANANA 2026-06-06: 5 personal (requiere 4)
2025-10-26 17:34:00,677 - DEBUG -   ✓ NOCHE 2026-06-06: 3 personal (requiere 3)
2025-10-26 17:34:00,677 - DEBUG -   ✓ TARDE 2026-06-07: 4 personal (requiere 3)
2025-10-26 17:34:00,678 - DEBUG -   ✓ NOCHE 2026-06-07: 4 personal (requiere 3)
2025-10-26 17:34:00,678 - DEBUG -   ✓ MANANA 2026-06-07: 8 personal (requiere 4)
2025-10-26 17:34:00,678 - DEBUG -   ✓ NOCHE 2026-06-08: 7 personal (requiere 3)
2025-10-26 17:34:00,679 - DEBUG -   ✓ MANANA 2026-06-08: 5 personal (requiere 4)
2025-10-26 17:34:00,679 - DEBUG -   ✓ TARDE 2026-06-08: 3 personal (requiere 3)
2025-10-26 17:34:00,679 - DEBUG -   ✓ NOCHE 2026-06-09: 7 personal (requiere 3)
2025-10-26 17:34:00,680 - DEBUG -   ✓ MANANA 2026-06-09: 5 personal (requiere 4)
2025-10-26 17:34:00,680 - DEBUG -   ✓ TARDE 2026-06-09: 4 personal (requiere 3)
2025-10-26 17:34:00,680 - DEBUG -   ✓ NOCHE 2026-06-10: 4 personal (requiere 3)
2025-10-26 17:34:00,680 - DEBUG -   ✓ TARDE 2026-06-10: 5 personal (requiere 3)
2025-10-26 17:34:00,681 - DEBUG -   ✓ MANANA 2026-06-10: 5 personal (requiere 4)
2025-10-26 17:34:00,681 - DEBUG -   ✓ NOCHE 2026-06-11: 4 personal (requiere 3)
2025-10-26 17:34:00,681 - DEBUG -   ✓ MANANA 2026-06-11: 4 personal (requiere 4)
2025-10-26 17:34:00,682 - DEBUG -   ✓ TARDE 2026-06-11: 6 personal (requiere 3)
2025-10-26 17:34:00,682 - DEBUG -   ✓ NOCHE 2026-06-12: 3 personal (requiere 3)
2025-10-26 17:34:00,682 - DEBUG -   ✓ TARDE 2026-06-12: 5 personal (requiere 3)
2025-10-26 17:34:00,683 - DEBUG -   ✓ MANANA 2026-06-12: 7 personal (requiere 4)
2025-10-26 17:34:00,683 - DEBUG -   ✓ NOCHE 2026-06-13: 4 personal (requiere 3)
2025-10-26 17:34:00,683 - DEBUG -   ✓ MANANA 2026-06-13: 5 personal (requiere 4)
2025-10-26 17:34:00,683 - DEBUG -   ✓ TARDE 2026-06-13: 5 personal (requiere 3)
2025-10-26 17:34:00,684 - DEBUG -   ✓ NOCHE 2026-06-14: 4 personal (requiere 3)
2025-10-26 17:34:00,684 - DEBUG -   ✓ TARDE 2026-06-14: 7 personal (requiere 3)
2025-10-26 17:34:00,684 - DEBUG -   ✓ MANANA 2026-06-14: 4 personal (requiere 4)
2025-10-26 17:34:00,685 - DEBUG -   ✓ TARDE 2026-06-15: 6 personal (requiere 3)
2025-10-26 17:34:00,685 - DEBUG -   ✓ NOCHE 2026-06-15: 3 personal (requiere 3)
2025-10-26 17:34:00,685 - DEBUG -   ✓ MANANA 2026-06-15: 4 personal (requiere 4)
2025-10-26 17:34:00,686 - DEBUG -   ✓ MANANA 2026-06-16: 4 personal (requiere 4)
2025-10-26 17:34:00,686 - DEBUG -   ✓ TARDE 2026-06-16: 8 personal (requiere 3)
2025-10-26 17:34:00,686 - DEBUG -   ✓ NOCHE 2026-06-16: 5 personal (requiere 3)
2025-10-26 17:34:00,687 - DEBUG -   ✓ NOCHE 2026-06-17: 7 personal (requiere 3)
2025-10-26 17:34:00,687 - DEBUG -   ✓ TARDE 2026-06-17: 3 personal (requiere 3)
2025-10-26 17:34:00,687 - DEBUG -   ✓ MANANA 2026-06-17: 4 personal (requiere 4)
2025-10-26 17:34:00,688 - DEBUG -   ✓ NOCHE 2026-06-18: 4 personal (requiere 3)
2025-10-26 17:34:00,688 - DEBUG -   ✓ TARDE 2026-06-18: 6 personal (requiere 3)
2025-10-26 17:34:00,688 - DEBUG -   ✓ MANANA 2026-06-18: 4 personal (requiere 4)
2025-10-26 17:34:00,689 - DEBUG -   ✓ MANANA 2026-06-19: 4 personal (requiere 4)
2025-10-26 17:34:00,689 - DEBUG -   ✓ NOCHE 2026-06-19: 5 personal (requiere 3)
2025-10-26 17:34:00,689 - DEBUG -   ✓ TARDE 2026-06-19: 6 personal (requiere 3)
2025-10-26 17:34:00,690 - DEBUG -   ✓ TARDE 2026-06-20: 6 personal (requiere 3)
2025-10-26 17:34:00,690 - DEBUG -   ✓ MANANA 2026-06-20: 4 personal (requiere 4)
2025-10-26 17:34:00,690 - DEBUG -   ✓ NOCHE 2026-06-20: 3 personal (requiere 3)
2025-10-26 17:34:00,691 - DEBUG -   ✓ TARDE 2026-06-21: 3 personal (requiere 3)
2025-10-26 17:34:00,691 - DEBUG -   ✓ NOCHE 2026-06-21: 9 personal (requiere 3)
2025-10-26 17:34:00,692 - DEBUG -   ✓ MANANA 2026-06-21: 5 personal (requiere 4)
2025-10-26 17:34:00,693 - DEBUG -   ✓ MANANA 2026-06-22: 4 personal (requiere 4)
2025-10-26 17:34:00,693 - DEBUG -   ✓ NOCHE 2026-06-22: 3 personal (requiere 3)
2025-10-26 17:34:00,694 - DEBUG -   ✓ TARDE 2026-06-22: 7 personal (requiere 3)
2025-10-26 17:34:00,694 - DEBUG -   ✓ NOCHE 2026-06-23: 6 personal (requiere 3)
2025-10-26 17:34:00,695 - DEBUG -   ✓ MANANA 2026-06-23: 7 personal (requiere 4)
2025-10-26 17:34:00,695 - DEBUG -   ✓ TARDE 2026-06-23: 3 personal (requiere 3)
2025-10-26 17:34:00,695 - DEBUG -   ✓ MANANA 2026-06-24: 4 personal (requiere 4)
2025-10-26 17:34:00,695 - DEBUG -   ✓ NOCHE 2026-06-24: 3 personal (requiere 3)
2025-10-26 17:34:00,696 - DEBUG -   ✓ TARDE 2026-06-24: 5 personal (requiere 3)
2025-10-26 17:34:00,696 - DEBUG -   ✓ TARDE 2026-06-25: 3 personal (requiere 3)
2025-10-26 17:34:00,697 - DEBUG -   ✓ MANANA 2026-06-25: 9 personal (requiere 4)
2025-10-26 17:34:00,697 - DEBUG -   ✓ NOCHE 2026-06-25: 3 personal (requiere 3)
2025-10-26 17:34:00,697 - DEBUG -   ✓ NOCHE 2026-06-26: 5 personal (requiere 3)
2025-10-26 17:34:00,698 - DEBUG -   ✓ TARDE 2026-06-26: 5 personal (requiere 3)
2025-10-26 17:34:00,698 - DEBUG -   ✓ MANANA 2026-06-26: 6 personal (requiere 4)
2025-10-26 17:34:00,698 - DEBUG -   ✓ NOCHE 2026-06-27: 5 personal (requiere 3)
2025-10-26 17:34:00,699 - DEBUG -   ✓ TARDE 2026-06-27: 6 personal (requiere 3)
2025-10-26 17:34:00,699 - DEBUG -   ✓ MANANA 2026-06-27: 4 personal (requiere 4)
2025-10-26 17:34:00,699 - DEBUG -   ✓ NOCHE 2026-06-28: 4 personal (requiere 3)
2025-10-26 17:34:00,700 - DEBUG -   ✓ TARDE 2026-06-28: 7 personal (requiere 3)
2025-10-26 17:34:00,700 - DEBUG -   ✓ MANANA 2026-06-28: 4 personal (requiere 4)
2025-10-26 17:34:00,700 - DEBUG -   ✓ NOCHE 2026-06-29: 5 personal (requiere 3)
2025-10-26 17:34:00,700 - DEBUG -   ✓ TARDE 2026-06-29: 4 personal (requiere 3)
2025-10-26 17:34:00,701 - DEBUG -   ✓ MANANA 2026-06-29: 4 personal (requiere 4)
2025-10-26 17:34:00,701 - DEBUG -   ✓ MANANA 2026-06-30: 5 personal (requiere 4)
2025-10-26 17:34:00,701 - DEBUG -   ✓ NOCHE 2026-06-30: 5 personal (requiere 3)
2025-10-26 17:34:00,702 - DEBUG -   ✓ TARDE 2026-06-30: 5 personal (requiere 3)
2025-10-26 17:34:00,702 - DEBUG -   ✓ NOCHE 2026-07-01: 6 personal (requiere 3)
2025-10-26 17:34:00,702 - DEBUG -   ✓ MANANA 2026-07-01: 6 personal (requiere 4)
2025-10-26 17:34:00,702 - DEBUG -   ✓ TARDE 2026-07-01: 4 personal (requiere 3)
2025-10-26 17:34:00,703 - DEBUG -   ✓ MANANA 2026-07-02: 4 personal (requiere 4)
2025-10-26 17:34:00,703 - DEBUG -   ✓ NOCHE 2026-07-02: 4 personal (requiere 3)
2025-10-26 17:34:00,703 - DEBUG -   ✓ TARDE 2026-07-02: 9 personal (requiere 3)
2025-10-26 17:34:00,704 - DEBUG -   ✓ MANANA 2026-07-03: 4 personal (requiere 4)
2025-10-26 17:34:00,704 - DEBUG -   ✓ TARDE 2026-07-03: 5 personal (requiere 3)
2025-10-26 17:34:00,704 - DEBUG -   ✓ NOCHE 2026-07-03: 3 personal (requiere 3)
2025-10-26 17:34:00,705 - DEBUG -   ✓ MANANA 2026-07-04: 6 personal (requiere 4)
2025-10-26 17:34:00,705 - DEBUG -   ✓ TARDE 2026-07-04: 7 personal (requiere 3)
2025-10-26 17:34:00,705 - DEBUG -   ✓ NOCHE 2026-07-04: 3 personal (requiere 3)
2025-10-26 17:34:00,706 - DEBUG -   ✓ MANANA 2026-07-05: 6 personal (requiere 4)
2025-10-26 17:34:00,706 - DEBUG -   ✓ NOCHE 2026-07-05: 7 personal (requiere 3)
2025-10-26 17:34:00,706 - DEBUG -   ✓ TARDE 2026-07-05: 3 personal (requiere 3)
2025-10-26 17:34:00,707 - DEBUG -   ✓ NOCHE 2026-07-06: 4 personal (requiere 3)
2025-10-26 17:34:00,707 - DEBUG -   ✓ MANANA 2026-07-06: 4 personal (requiere 4)
2025-10-26 17:34:00,707 - DEBUG -   ✓ TARDE 2026-07-06: 6 personal (requiere 3)
2025-10-26 17:34:00,708 - DEBUG -   ✓ NOCHE 2026-07-07: 4 personal (requiere 3)
2025-10-26 17:34:00,708 - DEBUG -   ✓ TARDE 2026-07-07: 5 personal (requiere 3)
2025-10-26 17:34:00,709 - DEBUG -   ✓ MANANA 2026-07-07: 5 personal (requiere 4)
2025-10-26 17:34:00,709 - DEBUG -   ✓ MANANA 2026-07-08: 4 personal (requiere 4)
2025-10-26 17:34:00,710 - DEBUG -   ✓ TARDE 2026-07-08: 3 personal (requiere 3)
2025-10-26 17:34:00,711 - DEBUG -   ✓ NOCHE 2026-07-08: 8 personal (requiere 3)
2025-10-26 17:34:00,711 - DEBUG -   ✓ MANANA 2026-07-09: 4 personal (requiere 4)
2025-10-26 17:34:00,711 - DEBUG -   ✓ TARDE 2026-07-09: 4 personal (requiere 3)
2025-10-26 17:34:00,712 - DEBUG -   ✓ NOCHE 2026-07-09: 7 personal (requiere 3)
2025-10-26 17:34:00,712 - DEBUG -   ✓ NOCHE 2026-07-10: 4 personal (requiere 3)
2025-10-26 17:34:00,712 - DEBUG -   ✓ TARDE 2026-07-10: 4 personal (requiere 3)
2025-10-26 17:34:00,713 - DEBUG -   ✓ MANANA 2026-07-10: 5 personal (requiere 4)
2025-10-26 17:34:00,713 - DEBUG -   ✓ NOCHE 2026-07-11: 5 personal (requiere 3)
2025-10-26 17:34:00,713 - DEBUG -   ✓ TARDE 2026-07-11: 7 personal (requiere 3)
2025-10-26 17:34:00,713 - DEBUG -   ✓ MANANA 2026-07-11: 4 personal (requiere 4)
2025-10-26 17:34:00,714 - DEBUG -   ✓ NOCHE 2026-07-12: 5 personal (requiere 3)
2025-10-26 17:34:00,714 - DEBUG -   ✓ TARDE 2026-07-12: 5 personal (requiere 3)
2025-10-26 17:34:00,714 - DEBUG -   ✓ MANANA 2026-07-12: 5 personal (requiere 4)
2025-10-26 17:34:00,715 - DEBUG -   ✓ MANANA 2026-07-13: 7 personal (requiere 4)
2025-10-26 17:34:00,715 - DEBUG -   ✓ TARDE 2026-07-13: 3 personal (requiere 3)
2025-10-26 17:34:00,715 - DEBUG -   ✓ NOCHE 2026-07-13: 4 personal (requiere 3)
2025-10-26 17:34:00,716 - DEBUG -   ✓ MANANA 2026-07-14: 4 personal (requiere 4)
2025-10-26 17:34:00,716 - DEBUG -   ✓ NOCHE 2026-07-14: 8 personal (requiere 3)
2025-10-26 17:34:00,716 - DEBUG -   ✓ TARDE 2026-07-14: 4 personal (requiere 3)
2025-10-26 17:34:00,717 - DEBUG -   ✓ NOCHE 2026-07-15: 4 personal (requiere 3)
2025-10-26 17:34:00,717 - DEBUG -   ✓ MANANA 2026-07-15: 5 personal (requiere 4)
2025-10-26 17:34:00,717 - DEBUG -   ✓ TARDE 2026-07-15: 6 personal (requiere 3)
2025-10-26 17:34:00,718 - DEBUG -   ✓ MANANA 2026-07-16: 9 personal (requiere 4)
2025-10-26 17:34:00,718 - DEBUG -   ✓ TARDE 2026-07-16: 3 personal (requiere 3)
2025-10-26 17:34:00,718 - DEBUG -   ✓ NOCHE 2026-07-16: 4 personal (requiere 3)
2025-10-26 17:34:00,719 - DEBUG -   ✓ MANANA 2026-07-17: 4 personal (requiere 4)
2025-10-26 17:34:00,719 - DEBUG -   ✓ NOCHE 2026-07-17: 6 personal (requiere 3)
2025-10-26 17:34:00,719 - DEBUG -   ✓ TARDE 2026-07-17: 3 personal (requiere 3)
2025-10-26 17:34:00,720 - DEBUG -   ✓ NOCHE 2026-07-18: 5 personal (requiere 3)
2025-10-26 17:34:00,720 - DEBUG -   ✓ TARDE 2026-07-18: 3 personal (requiere 3)
2025-10-26 17:34:00,720 - DEBUG -   ✓ MANANA 2026-07-18: 5 personal (requiere 4)
2025-10-26 17:34:00,721 - DEBUG -   ✓ TARDE 2026-07-19: 7 personal (requiere 3)
2025-10-26 17:34:00,721 - DEBUG -   ✓ NOCHE 2026-07-19: 3 personal (requiere 3)
2025-10-26 17:34:00,721 - DEBUG -   ✓ MANANA 2026-07-19: 4 personal (requiere 4)
2025-10-26 17:34:00,722 - DEBUG -   ✓ MANANA 2026-07-20: 7 personal (requiere 4)
2025-10-26 17:34:00,722 - DEBUG -   ✓ TARDE 2026-07-20: 3 personal (requiere 3)
2025-10-26 17:34:00,722 - DEBUG -   ✓ NOCHE 2026-07-20: 3 personal (requiere 3)
2025-10-26 17:34:00,723 - DEBUG -   ✓ TARDE 2026-07-21: 7 personal (requiere 3)
2025-10-26 17:34:00,723 - DEBUG -   ✓ NOCHE 2026-07-21: 5 personal (requiere 3)
2025-10-26 17:34:00,723 - DEBUG -   ✓ MANANA 2026-07-21: 5 personal (requiere 4)
2025-10-26 17:34:00,723 - DEBUG -   ✓ TARDE 2026-07-22: 7 personal (requiere 3)
2025-10-26 17:34:00,724 - DEBUG -   ✓ NOCHE 2026-07-22: 3 personal (requiere 3)
2025-10-26 17:34:00,724 - DEBUG -   ✓ MANANA 2026-07-22: 7 personal (requiere 4)
2025-10-26 17:34:00,725 - DEBUG -   ✓ MANANA 2026-07-23: 6 personal (requiere 4)
2025-10-26 17:34:00,725 - DEBUG -   ✓ NOCHE 2026-07-23: 5 personal (requiere 3)
2025-10-26 17:34:00,726 - DEBUG -   ✓ TARDE 2026-07-23: 5 personal (requiere 3)
2025-10-26 17:34:00,726 - DEBUG -   ✓ TARDE 2026-07-24: 4 personal (requiere 3)
2025-10-26 17:34:00,727 - DEBUG -   ✓ NOCHE 2026-07-24: 7 personal (requiere 3)
2025-10-26 17:34:00,727 - DEBUG -   ✓ MANANA 2026-07-24: 4 personal (requiere 4)
2025-10-26 17:34:00,727 - DEBUG -   ✓ TARDE 2026-07-25: 3 personal (requiere 3)
2025-10-26 17:34:00,728 - DEBUG -   ✓ MANANA 2026-07-25: 4 personal (requiere 4)
2025-10-26 17:34:00,728 - DEBUG -   ✓ NOCHE 2026-07-25: 5 personal (requiere 3)
2025-10-26 17:34:00,729 - DEBUG -   ✓ MANANA 2026-07-26: 6 personal (requiere 4)
2025-10-26 17:34:00,729 - DEBUG -   ✓ TARDE 2026-07-26: 6 personal (requiere 3)
2025-10-26 17:34:00,729 - DEBUG -   ✓ NOCHE 2026-07-26: 3 personal (requiere 3)
2025-10-26 17:34:00,730 - DEBUG -   ✓ NOCHE 2026-07-27: 7 personal (requiere 3)
2025-10-26 17:34:00,730 - DEBUG -   ✓ TARDE 2026-07-27: 4 personal (requiere 3)
2025-10-26 17:34:00,730 - DEBUG -   ✓ MANANA 2026-07-27: 4 personal (requiere 4)
2025-10-26 17:34:00,731 - DEBUG -   ✓ NOCHE 2026-07-28: 3 personal (requiere 3)
2025-10-26 17:34:00,731 - DEBUG -   ✓ MANANA 2026-07-28: 7 personal (requiere 4)
2025-10-26 17:34:00,731 - DEBUG -   ✓ TARDE 2026-07-28: 8 personal (requiere 3)
2025-10-26 17:34:00,732 - DEBUG -   ✓ MANANA 2026-07-29: 5 personal (requiere 4)
2025-10-26 17:34:00,732 - DEBUG -   ✓ TARDE 2026-07-29: 3 personal (requiere 3)
2025-10-26 17:34:00,732 - DEBUG -   ✓ NOCHE 2026-07-29: 4 personal (requiere 3)
2025-10-26 17:34:00,733 - DEBUG -   ✓ MANANA 2026-07-30: 4 personal (requiere 4)
2025-10-26 17:34:00,733 - DEBUG -   ✓ NOCHE 2026-07-30: 4 personal (requiere 3)
2025-10-26 17:34:00,733 - DEBUG -   ✓ TARDE 2026-07-30: 5 personal (requiere 3)
2025-10-26 17:34:00,734 - DEBUG -   ✓ MANANA 2026-07-31: 4 personal (requiere 4)
2025-10-26 17:34:00,734 - DEBUG -   ✓ NOCHE 2026-07-31: 5 personal (requiere 3)
2025-10-26 17:34:00,735 - DEBUG -   ✓ TARDE 2026-07-31: 6 personal (requiere 3)
2025-10-26 17:34:00,735 - DEBUG -   ✓ MANANA 2026-08-01: 4 personal (requiere 4)
2025-10-26 17:34:00,735 - DEBUG -   ✓ NOCHE 2026-08-01: 9 personal (requiere 3)
2025-10-26 17:34:00,736 - DEBUG -   ✓ TARDE 2026-08-01: 4 personal (requiere 3)
2025-10-26 17:34:00,736 - DEBUG -   ✓ TARDE 2026-08-02: 3 personal (requiere 3)
2025-10-26 17:34:00,736 - DEBUG -   ✓ MANANA 2026-08-02: 4 personal (requiere 4)
2025-10-26 17:34:00,737 - DEBUG -   ✓ NOCHE 2026-08-02: 4 personal (requiere 3)
2025-10-26 17:34:00,737 - DEBUG -   ✓ MANANA 2026-08-03: 7 personal (requiere 4)
2025-10-26 17:34:00,737 - DEBUG -   ✓ TARDE 2026-08-03: 3 personal (requiere 3)
2025-10-26 17:34:00,738 - DEBUG -   ✓ NOCHE 2026-08-03: 5 personal (requiere 3)
2025-10-26 17:34:00,738 - DEBUG -   ✓ TARDE 2026-08-04: 5 personal (requiere 3)
2025-10-26 17:34:00,738 - DEBUG -   ✓ MANANA 2026-08-04: 4 personal (requiere 4)
2025-10-26 17:34:00,739 - DEBUG -   ✓ NOCHE 2026-08-04: 5 personal (requiere 3)
2025-10-26 17:34:00,739 - DEBUG -   ✓ TARDE 2026-08-05: 6 personal (requiere 3)
2025-10-26 17:34:00,739 - DEBUG -   ✓ NOCHE 2026-08-05: 3 personal (requiere 3)
2025-10-26 17:34:00,740 - DEBUG -   ✓ MANANA 2026-08-05: 5 personal (requiere 4)
2025-10-26 17:34:00,740 - DEBUG -   ✓ NOCHE 2026-08-06: 7 personal (requiere 3)
2025-10-26 17:34:00,740 - DEBUG -   ✓ TARDE 2026-08-06: 3 personal (requiere 3)
2025-10-26 17:34:00,741 - DEBUG -   ✓ MANANA 2026-08-06: 4 personal (requiere 4)
2025-10-26 17:34:00,741 - DEBUG -   ✓ MANANA 2026-08-07: 4 personal (requiere 4)
2025-10-26 17:34:00,741 - DEBUG -   ✓ TARDE 2026-08-07: 5 personal (requiere 3)
2025-10-26 17:34:00,741 - DEBUG -   ✓ NOCHE 2026-08-07: 3 personal (requiere 3)
2025-10-26 17:34:00,742 - DEBUG -   ✓ NOCHE 2026-08-08: 7 personal (requiere 3)
2025-10-26 17:34:00,742 - DEBUG -   ✓ MANANA 2026-08-08: 4 personal (requiere 4)
2025-10-26 17:34:00,743 - DEBUG -   ✓ TARDE 2026-08-08: 5 personal (requiere 3)
2025-10-26 17:34:00,743 - DEBUG -   ✓ NOCHE 2026-08-09: 7 personal (requiere 3)
2025-10-26 17:34:00,744 - DEBUG -   ✓ TARDE 2026-08-09: 3 personal (requiere 3)
2025-10-26 17:34:00,744 - DEBUG -   ✓ MANANA 2026-08-09: 5 personal (requiere 4)
2025-10-26 17:34:00,744 - DEBUG -   ✓ TARDE 2026-08-10: 3 personal (requiere 3)
2025-10-26 17:34:00,745 - DEBUG -   ✓ MANANA 2026-08-10: 6 personal (requiere 4)
2025-10-26 17:34:00,745 - DEBUG -   ✓ NOCHE 2026-08-10: 3 personal (requiere 3)
2025-10-26 17:34:00,746 - DEBUG -   ✓ MANANA 2026-08-11: 6 personal (requiere 4)
2025-10-26 17:34:00,746 - DEBUG -   ✓ TARDE 2026-08-11: 7 personal (requiere 3)
2025-10-26 17:34:00,746 - DEBUG -   ✓ NOCHE 2026-08-11: 3 personal (requiere 3)
2025-10-26 17:34:00,747 - DEBUG -   ✓ MANANA 2026-08-12: 4 personal (requiere 4)
2025-10-26 17:34:00,747 - DEBUG -   ✓ TARDE 2026-08-12: 6 personal (requiere 3)
2025-10-26 17:34:00,747 - DEBUG -   ✓ NOCHE 2026-08-12: 4 personal (requiere 3)
2025-10-26 17:34:00,748 - DEBUG -   ✓ MANANA 2026-08-13: 4 personal (requiere 4)
2025-10-26 17:34:00,748 - DEBUG -   ✓ TARDE 2026-08-13: 9 personal (requiere 3)
2025-10-26 17:34:00,749 - DEBUG -   ✓ NOCHE 2026-08-13: 4 personal (requiere 3)
2025-10-26 17:34:00,749 - DEBUG -   ✓ TARDE 2026-08-14: 3 personal (requiere 3)
2025-10-26 17:34:00,749 - DEBUG -   ✓ MANANA 2026-08-14: 7 personal (requiere 4)
2025-10-26 17:34:00,750 - DEBUG -   ✓ NOCHE 2026-08-14: 3 personal (requiere 3)
2025-10-26 17:34:00,750 - DEBUG -   ✓ TARDE 2026-08-15: 7 personal (requiere 3)
2025-10-26 17:34:00,750 - DEBUG -   ✓ MANANA 2026-08-15: 5 personal (requiere 4)
2025-10-26 17:34:00,751 - DEBUG -   ✓ NOCHE 2026-08-15: 4 personal (requiere 3)
2025-10-26 17:34:00,751 - DEBUG -   ✓ NOCHE 2026-08-16: 6 personal (requiere 3)
2025-10-26 17:34:00,751 - DEBUG -   ✓ TARDE 2026-08-16: 7 personal (requiere 3)
2025-10-26 17:34:00,752 - DEBUG -   ✓ MANANA 2026-08-16: 4 personal (requiere 4)
2025-10-26 17:34:00,752 - DEBUG -   ✓ NOCHE 2026-08-17: 3 personal (requiere 3)
2025-10-26 17:34:00,752 - DEBUG -   ✓ TARDE 2026-08-17: 8 personal (requiere 3)
2025-10-26 17:34:00,753 - DEBUG -   ✓ MANANA 2026-08-17: 4 personal (requiere 4)
2025-10-26 17:34:00,753 - DEBUG -   ✓ MANANA 2026-08-18: 5 personal (requiere 4)
2025-10-26 17:34:00,753 - DEBUG -   ✓ NOCHE 2026-08-18: 4 personal (requiere 3)
2025-10-26 17:34:00,754 - DEBUG -   ✓ TARDE 2026-08-18: 5 personal (requiere 3)
2025-10-26 17:34:00,754 - DEBUG -   ✓ NOCHE 2026-08-19: 6 personal (requiere 3)
2025-10-26 17:34:00,754 - DEBUG -   ✓ TARDE 2026-08-19: 4 personal (requiere 3)
2025-10-26 17:34:00,755 - DEBUG -   ✓ MANANA 2026-08-19: 6 personal (requiere 4)
2025-10-26 17:34:00,755 - DEBUG -   ✓ NOCHE 2026-08-20: 6 personal (requiere 3)
2025-10-26 17:34:00,755 - DEBUG -   ✓ MANANA 2026-08-20: 6 personal (requiere 4)
2025-10-26 17:34:00,756 - DEBUG -   ✓ TARDE 2026-08-20: 4 personal (requiere 3)
2025-10-26 17:34:00,756 - DEBUG -   ✓ NOCHE 2026-08-21: 5 personal (requiere 3)
2025-10-26 17:34:00,757 - DEBUG -   ✓ MANANA 2026-08-21: 4 personal (requiere 4)
2025-10-26 17:34:00,757 - DEBUG -   ✓ TARDE 2026-08-21: 3 personal (requiere 3)
2025-10-26 17:34:00,757 - DEBUG -   ✓ MANANA 2026-08-22: 4 personal (requiere 4)
2025-10-26 17:34:00,758 - DEBUG -   ✓ TARDE 2026-08-22: 5 personal (requiere 3)
2025-10-26 17:34:00,758 - DEBUG -   ✓ NOCHE 2026-08-22: 3 personal (requiere 3)
2025-10-26 17:34:00,759 - DEBUG -   ✓ MANANA 2026-08-23: 4 personal (requiere 4)
2025-10-26 17:34:00,759 - DEBUG -   ✓ TARDE 2026-08-23: 6 personal (requiere 3)
2025-10-26 17:34:00,760 - DEBUG -   ✓ NOCHE 2026-08-23: 4 personal (requiere 3)
2025-10-26 17:34:00,760 - DEBUG -   ✓ NOCHE 2026-08-24: 3 personal (requiere 3)
2025-10-26 17:34:00,761 - DEBUG -   ✓ TARDE 2026-08-24: 5 personal (requiere 3)
2025-10-26 17:34:00,761 - DEBUG -   ✓ MANANA 2026-08-24: 8 personal (requiere 4)
2025-10-26 17:34:00,761 - DEBUG -   ✓ NOCHE 2026-08-25: 5 personal (requiere 3)
2025-10-26 17:34:00,762 - DEBUG -   ✓ TARDE 2026-08-25: 5 personal (requiere 3)
2025-10-26 17:34:00,762 - DEBUG -   ✓ MANANA 2026-08-25: 6 personal (requiere 4)
2025-10-26 17:34:00,762 - DEBUG -   ✓ NOCHE 2026-08-26: 3 personal (requiere 3)
2025-10-26 17:34:00,763 - DEBUG -   ✓ TARDE 2026-08-26: 3 personal (requiere 3)
2025-10-26 17:34:00,763 - DEBUG -   ✓ MANANA 2026-08-26: 4 personal (requiere 4)
2025-10-26 17:34:00,763 - DEBUG -   ✓ MANANA 2026-08-27: 7 personal (requiere 4)
2025-10-26 17:34:00,764 - DEBUG -   ✓ NOCHE 2026-08-27: 5 personal (requiere 3)
2025-10-26 17:34:00,764 - DEBUG -   ✓ TARDE 2026-08-27: 3 personal (requiere 3)
2025-10-26 17:34:00,765 - DEBUG -   ✓ TARDE 2026-08-28: 6 personal (requiere 3)
2025-10-26 17:34:00,765 - DEBUG -   ✓ MANANA 2026-08-28: 4 personal (requiere 4)
2025-10-26 17:34:00,765 - DEBUG -   ✓ NOCHE 2026-08-28: 3 personal (requiere 3)
2025-10-26 17:34:00,766 - DEBUG -   ✓ MANANA 2026-08-29: 8 personal (requiere 4)
2025-10-26 17:34:00,766 - DEBUG -   ✓ TARDE 2026-08-29: 4 personal (requiere 3)
2025-10-26 17:34:00,767 - DEBUG -   ✓ NOCHE 2026-08-29: 3 personal (requiere 3)
2025-10-26 17:34:00,767 - DEBUG -   ✓ NOCHE 2026-08-30: 3 personal (requiere 3)
2025-10-26 17:34:00,768 - DEBUG -   ✓ MANANA 2026-08-30: 5 personal (requiere 4)
2025-10-26 17:34:00,768 - DEBUG -   ✓ TARDE 2026-08-30: 4 personal (requiere 3)
2025-10-26 17:34:00,768 - DEBUG -   ✓ NOCHE 2026-08-31: 6 personal (requiere 3)
2025-10-26 17:34:00,769 - DEBUG -   ✓ MANANA 2026-08-31: 5 personal (requiere 4)
2025-10-26 17:34:00,769 - DEBUG -   ✓ TARDE 2026-08-31: 3 personal (requiere 3)
2025-10-26 17:34:00,769 - DEBUG -   ✓ TARDE 2026-09-01: 7 personal (requiere 3)
2025-10-26 17:34:00,770 - DEBUG -   ✓ NOCHE 2026-09-01: 5 personal (requiere 3)
2025-10-26 17:34:00,770 - DEBUG -   ✓ MANANA 2026-09-01: 4 personal (requiere 4)
2025-10-26 17:34:00,770 - DEBUG -   ✓ MANANA 2026-09-02: 4 personal (requiere 4)
2025-10-26 17:34:00,770 - DEBUG -   ✓ TARDE 2026-09-02: 7 personal (requiere 3)
2025-10-26 17:34:00,771 - DEBUG -   ✓ NOCHE 2026-09-02: 5 personal (requiere 3)
2025-10-26 17:34:00,771 - DEBUG -   ✓ TARDE 2026-09-03: 3 personal (requiere 3)
2025-10-26 17:34:00,771 - DEBUG -   ✓ NOCHE 2026-09-03: 7 personal (requiere 3)
2025-10-26 17:34:00,772 - DEBUG -   ✓ MANANA 2026-09-03: 6 personal (requiere 4)
2025-10-26 17:34:00,772 - DEBUG -   ✓ NOCHE 2026-09-04: 6 personal (requiere 3)
2025-10-26 17:34:00,773 - DEBUG -   ✓ TARDE 2026-09-04: 5 personal (requiere 3)
2025-10-26 17:34:00,773 - DEBUG -   ✓ MANANA 2026-09-04: 4 personal (requiere 4)
2025-10-26 17:34:00,773 - DEBUG -   ✓ NOCHE 2026-09-05: 8 personal (requiere 3)
2025-10-26 17:34:00,774 - DEBUG -   ✓ TARDE 2026-09-05: 6 personal (requiere 3)
2025-10-26 17:34:00,774 - DEBUG -   ✓ MANANA 2026-09-05: 4 personal (requiere 4)
2025-10-26 17:34:00,774 - DEBUG -   ✓ TARDE 2026-09-06: 3 personal (requiere 3)
2025-10-26 17:34:00,775 - DEBUG -   ✓ MANANA 2026-09-06: 5 personal (requiere 4)
2025-10-26 17:34:00,775 - DEBUG -   ✓ NOCHE 2026-09-06: 6 personal (requiere 3)
2025-10-26 17:34:00,776 - DEBUG -   ✓ TARDE 2026-09-07: 4 personal (requiere 3)
2025-10-26 17:34:00,776 - DEBUG -   ✓ NOCHE 2026-09-07: 5 personal (requiere 3)
2025-10-26 17:34:00,777 - DEBUG -   ✓ MANANA 2026-09-07: 4 personal (requiere 4)
2025-10-26 17:34:00,777 - DEBUG -   ✓ NOCHE 2026-09-08: 4 personal (requiere 3)
2025-10-26 17:34:00,777 - DEBUG -   ✓ TARDE 2026-09-08: 5 personal (requiere 3)
2025-10-26 17:34:00,778 - DEBUG -   ✓ MANANA 2026-09-08: 4 personal (requiere 4)
2025-10-26 17:34:00,778 - DEBUG -   ✓ TARDE 2026-09-09: 3 personal (requiere 3)
2025-10-26 17:34:00,778 - DEBUG -   ✓ MANANA 2026-09-09: 5 personal (requiere 4)
2025-10-26 17:34:00,779 - DEBUG -   ✓ NOCHE 2026-09-09: 4 personal (requiere 3)
2025-10-26 17:34:00,779 - DEBUG -   ✓ TARDE 2026-09-10: 5 personal (requiere 3)
2025-10-26 17:34:00,779 - DEBUG -   ✓ MANANA 2026-09-10: 8 personal (requiere 4)
2025-10-26 17:34:00,779 - DEBUG -   ✓ NOCHE 2026-09-10: 4 personal (requiere 3)
2025-10-26 17:34:00,780 - DEBUG -   ✓ TARDE 2026-09-11: 6 personal (requiere 3)
2025-10-26 17:34:00,780 - DEBUG -   ✓ NOCHE 2026-09-11: 5 personal (requiere 3)
2025-10-26 17:34:00,781 - DEBUG -   ✓ MANANA 2026-09-11: 4 personal (requiere 4)
2025-10-26 17:34:00,781 - DEBUG -   ✓ NOCHE 2026-09-12: 3 personal (requiere 3)
2025-10-26 17:34:00,781 - DEBUG -   ✓ TARDE 2026-09-12: 6 personal (requiere 3)
2025-10-26 17:34:00,781 - DEBUG -   ✓ MANANA 2026-09-12: 4 personal (requiere 4)
2025-10-26 17:34:00,782 - DEBUG -   ✓ TARDE 2026-09-13: 7 personal (requiere 3)
2025-10-26 17:34:00,782 - DEBUG -   ✓ MANANA 2026-09-13: 6 personal (requiere 4)
2025-10-26 17:34:00,783 - DEBUG -   ✓ NOCHE 2026-09-13: 3 personal (requiere 3)
2025-10-26 17:34:00,783 - DEBUG -   ✓ MANANA 2026-09-14: 4 personal (requiere 4)
2025-10-26 17:34:00,783 - DEBUG -   ✓ TARDE 2026-09-14: 5 personal (requiere 3)
2025-10-26 17:34:00,784 - DEBUG -   ✓ NOCHE 2026-09-14: 3 personal (requiere 3)
2025-10-26 17:34:00,784 - DEBUG -   ✓ NOCHE 2026-09-15: 3 personal (requiere 3)
2025-10-26 17:34:00,784 - DEBUG -   ✓ MANANA 2026-09-15: 7 personal (requiere 4)
2025-10-26 17:34:00,785 - DEBUG -   ✓ TARDE 2026-09-15: 4 personal (requiere 3)
2025-10-26 17:34:00,785 - DEBUG -   ✓ TARDE 2026-09-16: 6 personal (requiere 3)
2025-10-26 17:34:00,785 - DEBUG -   ✓ NOCHE 2026-09-16: 5 personal (requiere 3)
2025-10-26 17:34:00,786 - DEBUG -   ✓ MANANA 2026-09-16: 4 personal (requiere 4)
2025-10-26 17:34:00,786 - DEBUG -   ✓ TARDE 2026-09-17: 3 personal (requiere 3)
2025-10-26 17:34:00,786 - DEBUG -   ✓ NOCHE 2026-09-17: 8 personal (requiere 3)
2025-10-26 17:34:00,787 - DEBUG -   ✓ MANANA 2026-09-17: 5 personal (requiere 4)
2025-10-26 17:34:00,787 - DEBUG -   ✓ MANANA 2026-09-18: 4 personal (requiere 4)
2025-10-26 17:34:00,787 - DEBUG -   ✓ TARDE 2026-09-18: 6 personal (requiere 3)
2025-10-26 17:34:00,788 - DEBUG -   ✓ NOCHE 2026-09-18: 4 personal (requiere 3)
2025-10-26 17:34:00,788 - DEBUG -   ✓ MANANA 2026-09-19: 5 personal (requiere 4)
2025-10-26 17:34:00,788 - DEBUG -   ✓ NOCHE 2026-09-19: 6 personal (requiere 3)
2025-10-26 17:34:00,789 - DEBUG -   ✓ TARDE 2026-09-19: 6 personal (requiere 3)
2025-10-26 17:34:00,789 - DEBUG -   ✓ MANANA 2026-09-20: 6 personal (requiere 4)
2025-10-26 17:34:00,789 - DEBUG -   ✓ NOCHE 2026-09-20: 3 personal (requiere 3)
2025-10-26 17:34:00,790 - DEBUG -   ✓ TARDE 2026-09-20: 3 personal (requiere 3)
2025-10-26 17:34:00,790 - DEBUG -   ✓ NOCHE 2026-09-21: 8 personal (requiere 3)
2025-10-26 17:34:00,790 - DEBUG -   ✓ TARDE 2026-09-21: 5 personal (requiere 3)
2025-10-26 17:34:00,791 - DEBUG -   ✓ MANANA 2026-09-21: 4 personal (requiere 4)
2025-10-26 17:34:00,791 - DEBUG -   ✓ NOCHE 2026-09-22: 7 personal (requiere 3)
2025-10-26 17:34:00,791 - DEBUG -   ✓ MANANA 2026-09-22: 4 personal (requiere 4)
2025-10-26 17:34:00,792 - DEBUG -   ✓ TARDE 2026-09-22: 5 personal (requiere 3)
2025-10-26 17:34:00,792 - DEBUG -   ✓ NOCHE 2026-09-23: 3 personal (requiere 3)
2025-10-26 17:34:00,793 - DEBUG -   ✓ TARDE 2026-09-23: 7 personal (requiere 3)
2025-10-26 17:34:00,793 - DEBUG -   ✓ MANANA 2026-09-23: 6 personal (requiere 4)
2025-10-26 17:34:00,793 - DEBUG -   ✓ NOCHE 2026-09-24: 6 personal (requiere 3)
2025-10-26 17:34:00,794 - DEBUG -   ✓ MANANA 2026-09-24: 6 personal (requiere 4)
2025-10-26 17:34:00,794 - DEBUG -   ✓ TARDE 2026-09-24: 3 personal (requiere 3)
2025-10-26 17:34:00,794 - DEBUG -   ✓ TARDE 2026-09-25: 5 personal (requiere 3)
2025-10-26 17:34:00,795 - DEBUG -   ✓ NOCHE 2026-09-25: 6 personal (requiere 3)
2025-10-26 17:34:00,795 - DEBUG -   ✓ MANANA 2026-09-25: 4 personal (requiere 4)
2025-10-26 17:34:00,796 - DEBUG -   ✓ TARDE 2026-09-26: 4 personal (requiere 3)
2025-10-26 17:34:00,796 - DEBUG -   ✓ MANANA 2026-09-26: 4 personal (requiere 4)
2025-10-26 17:34:00,796 - DEBUG -   ✓ NOCHE 2026-09-26: 5 personal (requiere 3)
2025-10-26 17:34:00,797 - DEBUG -   ✓ TARDE 2026-09-27: 8 personal (requiere 3)
2025-10-26 17:34:00,797 - DEBUG -   ✓ MANANA 2026-09-27: 4 personal (requiere 4)
2025-10-26 17:34:00,797 - DEBUG -   ✓ NOCHE 2026-09-27: 3 personal (requiere 3)
2025-10-26 17:34:00,798 - DEBUG -   ✓ NOCHE 2026-09-28: 4 personal (requiere 3)
2025-10-26 17:34:00,798 - DEBUG -   ✓ TARDE 2026-09-28: 6 personal (requiere 3)
2025-10-26 17:34:00,798 - DEBUG -   ✓ MANANA 2026-09-28: 6 personal (requiere 4)
2025-10-26 17:34:00,799 - DEBUG -   ✓ TARDE 2026-09-29: 7 personal (requiere 3)
2025-10-26 17:34:00,799 - DEBUG -   ✓ NOCHE 2026-09-29: 4 personal (requiere 3)
2025-10-26 17:34:00,799 - DEBUG -   ✓ MANANA 2026-09-29: 4 personal (requiere 4)
2025-10-26 17:34:00,800 - DEBUG -   ✓ TARDE 2026-09-30: 6 personal (requiere 3)
2025-10-26 17:34:00,800 - DEBUG -   ✓ NOCHE 2026-09-30: 6 personal (requiere 3)
2025-10-26 17:34:00,801 - DEBUG -   ✓ MANANA 2026-09-30: 5 personal (requiere 4)
2025-10-26 17:34:00,801 - DEBUG -   ✓ TARDE 2026-10-01: 5 personal (requiere 3)
2025-10-26 17:34:00,801 - DEBUG -   ✓ MANANA 2026-10-01: 5 personal (requiere 4)
2025-10-26 17:34:00,802 - DEBUG -   ✓ NOCHE 2026-10-01: 4 personal (requiere 3)
2025-10-26 17:34:00,802 - DEBUG -   ✓ MANANA 2026-10-02: 4 personal (requiere 4)
2025-10-26 17:34:00,802 - DEBUG -   ✓ NOCHE 2026-10-02: 6 personal (requiere 3)
2025-10-26 17:34:00,803 - DEBUG -   ✓ TARDE 2026-10-02: 5 personal (requiere 3)
2025-10-26 17:34:00,803 - DEBUG -   ✓ NOCHE 2026-10-03: 5 personal (requiere 3)
2025-10-26 17:34:00,803 - DEBUG -   ✓ TARDE 2026-10-03: 7 personal (requiere 3)
2025-10-26 17:34:00,804 - DEBUG -   ✓ MANANA 2026-10-03: 4 personal (requiere 4)
2025-10-26 17:34:00,804 - DEBUG -   ✓ TARDE 2026-10-04: 6 personal (requiere 3)
2025-10-26 17:34:00,805 - DEBUG -   ✓ MANANA 2026-10-04: 4 personal (requiere 4)
2025-10-26 17:34:00,805 - DEBUG -   ✓ NOCHE 2026-10-04: 4 personal (requiere 3)
2025-10-26 17:34:00,805 - DEBUG -   ✓ MANANA 2026-10-05: 7 personal (requiere 4)
2025-10-26 17:34:00,806 - DEBUG -   ✓ TARDE 2026-10-05: 6 personal (requiere 3)
2025-10-26 17:34:00,806 - DEBUG -   ✓ NOCHE 2026-10-05: 3 personal (requiere 3)
2025-10-26 17:34:00,806 - DEBUG -   ✓ MANANA 2026-10-06: 6 personal (requiere 4)
2025-10-26 17:34:00,806 - DEBUG -   ✓ TARDE 2026-10-06: 4 personal (requiere 3)
2025-10-26 17:34:00,807 - DEBUG -   ✓ NOCHE 2026-10-06: 5 personal (requiere 3)
2025-10-26 17:34:00,807 - DEBUG -   ✓ NOCHE 2026-10-07: 4 personal (requiere 3)
2025-10-26 17:34:00,808 - DEBUG -   ✓ TARDE 2026-10-07: 3 personal (requiere 3)
2025-10-26 17:34:00,808 - DEBUG -   ✓ MANANA 2026-10-07: 7 personal (requiere 4)
2025-10-26 17:34:00,808 - DEBUG -   ✓ MANANA 2026-10-08: 4 personal (requiere 4)
2025-10-26 17:34:00,809 - DEBUG -   ✓ NOCHE 2026-10-08: 3 personal (requiere 3)
2025-10-26 17:34:00,809 - DEBUG -   ✓ TARDE 2026-10-08: 5 personal (requiere 3)
2025-10-26 17:34:00,810 - DEBUG -   ✓ MANANA 2026-10-09: 8 personal (requiere 4)
2025-10-26 17:34:00,810 - DEBUG -   ✓ NOCHE 2026-10-09: 5 personal (requiere 3)
2025-10-26 17:34:00,811 - DEBUG -   ✓ TARDE 2026-10-09: 3 personal (requiere 3)
2025-10-26 17:34:00,811 - DEBUG -   ✓ MANANA 2026-10-10: 4 personal (requiere 4)
2025-10-26 17:34:00,811 - DEBUG -   ✓ TARDE 2026-10-10: 8 personal (requiere 3)
2025-10-26 17:34:00,812 - DEBUG -   ✓ NOCHE 2026-10-10: 5 personal (requiere 3)
2025-10-26 17:34:00,812 - DEBUG -   ✓ MANANA 2026-10-11: 4 personal (requiere 4)
2025-10-26 17:34:00,812 - DEBUG -   ✓ TARDE 2026-10-11: 8 personal (requiere 3)
2025-10-26 17:34:00,813 - DEBUG -   ✓ NOCHE 2026-10-11: 4 personal (requiere 3)
2025-10-26 17:34:00,813 - DEBUG -   ✓ NOCHE 2026-10-12: 6 personal (requiere 3)
2025-10-26 17:34:00,813 - DEBUG -   ✓ TARDE 2026-10-12: 6 personal (requiere 3)
2025-10-26 17:34:00,814 - DEBUG -   ✓ MANANA 2026-10-12: 4 personal (requiere 4)
2025-10-26 17:34:00,814 - DEBUG -   ✓ NOCHE 2026-10-13: 7 personal (requiere 3)
2025-10-26 17:34:00,814 - DEBUG -   ✓ TARDE 2026-10-13: 5 personal (requiere 3)
2025-10-26 17:34:00,815 - DEBUG -   ✓ MANANA 2026-10-13: 4 personal (requiere 4)
2025-10-26 17:34:00,815 - DEBUG -   ✓ NOCHE 2026-10-14: 4 personal (requiere 3)
2025-10-26 17:34:00,815 - DEBUG -   ✓ TARDE 2026-10-14: 4 personal (requiere 3)
2025-10-26 17:34:00,816 - DEBUG -   ✓ MANANA 2026-10-14: 4 personal (requiere 4)
2025-10-26 17:34:00,816 - DEBUG -   ✓ NOCHE 2026-10-15: 3 personal (requiere 3)
2025-10-26 17:34:00,816 - DEBUG -   ✓ TARDE 2026-10-15: 9 personal (requiere 3)
2025-10-26 17:34:00,817 - DEBUG -   ✓ MANANA 2026-10-15: 5 personal (requiere 4)
2025-10-26 17:34:00,817 - DEBUG -   ✓ NOCHE 2026-10-16: 4 personal (requiere 3)
2025-10-26 17:34:00,817 - DEBUG -   ✓ MANANA 2026-10-16: 4 personal (requiere 4)
2025-10-26 17:34:00,818 - DEBUG -   ✓ TARDE 2026-10-16: 7 personal (requiere 3)
2025-10-26 17:34:00,818 - DEBUG -   ✓ TARDE 2026-10-17: 6 personal (requiere 3)
2025-10-26 17:34:00,818 - DEBUG -   ✓ MANANA 2026-10-17: 6 personal (requiere 4)
2025-10-26 17:34:00,819 - DEBUG -   ✓ NOCHE 2026-10-17: 4 personal (requiere 3)
2025-10-26 17:34:00,819 - DEBUG -   ✓ MANANA 2026-10-18: 4 personal (requiere 4)
2025-10-26 17:34:00,819 - DEBUG -   ✓ TARDE 2026-10-18: 9 personal (requiere 3)
2025-10-26 17:34:00,820 - DEBUG -   ✓ NOCHE 2026-10-18: 3 personal (requiere 3)
2025-10-26 17:34:00,820 - DEBUG -   ✓ MANANA 2026-10-19: 5 personal (requiere 4)
2025-10-26 17:34:00,820 - DEBUG -   ✓ TARDE 2026-10-19: 4 personal (requiere 3)
2025-10-26 17:34:00,821 - DEBUG -   ✓ NOCHE 2026-10-19: 5 personal (requiere 3)
2025-10-26 17:34:00,821 - DEBUG -   ✓ MANANA 2026-10-20: 4 personal (requiere 4)
2025-10-26 17:34:00,821 - DEBUG -   ✓ TARDE 2026-10-20: 6 personal (requiere 3)
2025-10-26 17:34:00,822 - DEBUG -   ✓ NOCHE 2026-10-20: 6 personal (requiere 3)
2025-10-26 17:34:00,822 - DEBUG -   ✓ NOCHE 2026-10-21: 5 personal (requiere 3)
2025-10-26 17:34:00,823 - DEBUG -   ✓ TARDE 2026-10-21: 3 personal (requiere 3)
2025-10-26 17:34:00,823 - DEBUG -   ✓ MANANA 2026-10-21: 4 personal (requiere 4)
2025-10-26 17:34:00,823 - DEBUG -   ✓ NOCHE 2026-10-22: 3 personal (requiere 3)
2025-10-26 17:34:00,824 - DEBUG -   ✓ TARDE 2026-10-22: 9 personal (requiere 3)
2025-10-26 17:34:00,824 - DEBUG -   ✓ MANANA 2026-10-22: 4 personal (requiere 4)
2025-10-26 17:34:00,824 - DEBUG -   ✓ TARDE 2026-10-23: 6 personal (requiere 3)
2025-10-26 17:34:00,825 - DEBUG -   ✓ MANANA 2026-10-23: 4 personal (requiere 4)
2025-10-26 17:34:00,825 - DEBUG -   ✓ NOCHE 2026-10-23: 3 personal (requiere 3)
2025-10-26 17:34:00,825 - DEBUG -   ✓ TARDE 2026-10-24: 4 personal (requiere 3)
2025-10-26 17:34:00,826 - DEBUG -   ✓ MANANA 2026-10-24: 7 personal (requiere 4)
2025-10-26 17:34:00,826 - DEBUG -   ✓ NOCHE 2026-10-24: 6 personal (requiere 3)
2025-10-26 17:34:00,826 - DEBUG -   ✓ TARDE 2026-10-25: 5 personal (requiere 3)
2025-10-26 17:34:00,827 - DEBUG -   ✓ NOCHE 2026-10-25: 5 personal (requiere 3)
2025-10-26 17:34:00,827 - DEBUG -   ✓ MANANA 2026-10-25: 4 personal (requiere 4)
2025-10-26 17:34:00,827 - DEBUG -   ✓ NOCHE 2026-10-26: 6 personal (requiere 3)
2025-10-26 17:34:00,828 - DEBUG -   ✓ TARDE 2026-10-26: 3 personal (requiere 3)
2025-10-26 17:34:00,828 - DEBUG -   ✓ MANANA 2026-10-26: 5 personal (requiere 4)
2025-10-26 17:34:00,828 - DEBUG -   ✓ TARDE 2026-10-27: 5 personal (requiere 3)
2025-10-26 17:34:00,829 - DEBUG -   ✓ MANANA 2026-10-27: 4 personal (requiere 4)
2025-10-26 17:34:00,829 - DEBUG -   ✓ NOCHE 2026-10-27: 4 personal (requiere 3)
2025-10-26 17:34:00,829 - DEBUG -   ✓ NOCHE 2026-10-28: 5 personal (requiere 3)
2025-10-26 17:34:00,830 - DEBUG -   ✓ TARDE 2026-10-28: 4 personal (requiere 3)
2025-10-26 17:34:00,830 - DEBUG -   ✓ MANANA 2026-10-28: 4 personal (requiere 4)
2025-10-26 17:34:00,830 - DEBUG -   ✓ NOCHE 2026-10-29: 5 personal (requiere 3)
2025-10-26 17:34:00,831 - DEBUG -   ✓ MANANA 2026-10-29: 4 personal (requiere 4)
2025-10-26 17:34:00,831 - DEBUG -   ✓ TARDE 2026-10-29: 6 personal (requiere 3)
2025-10-26 17:34:00,831 - DEBUG -   ✓ NOCHE 2026-10-30: 3 personal (requiere 3)
2025-10-26 17:34:00,832 - DEBUG -   ✓ MANANA 2026-10-30: 10 personal (requiere 4)
2025-10-26 17:34:00,832 - DEBUG -   ✓ TARDE 2026-10-30: 3 personal (requiere 3)
2025-10-26 17:34:00,832 - DEBUG -   ✓ NOCHE 2026-10-31: 6 personal (requiere 3)
2025-10-26 17:34:00,833 - DEBUG -   ✓ MANANA 2026-10-31: 4 personal (requiere 4)
2025-10-26 17:34:00,833 - DEBUG -   ✓ TARDE 2026-10-31: 7 personal (requiere 3)
2025-10-26 17:34:00,834 - DEBUG -   ✓ TARDE 2026-11-01: 5 personal (requiere 3)
2025-10-26 17:34:00,834 - DEBUG -   ✓ MANANA 2026-11-01: 4 personal (requiere 4)
2025-10-26 17:34:00,834 - DEBUG -   ✓ NOCHE 2026-11-01: 3 personal (requiere 3)
2025-10-26 17:34:00,835 - DEBUG -   ✓ TARDE 2026-11-02: 7 personal (requiere 3)
2025-10-26 17:34:00,835 - DEBUG -   ✓ NOCHE 2026-11-02: 3 personal (requiere 3)
2025-10-26 17:34:00,835 - DEBUG -   ✓ MANANA 2026-11-02: 4 personal (requiere 4)
2025-10-26 17:34:00,836 - DEBUG -   ✓ MANANA 2026-11-03: 5 personal (requiere 4)
2025-10-26 17:34:00,836 - DEBUG -   ✓ TARDE 2026-11-03: 4 personal (requiere 3)
2025-10-26 17:34:00,836 - DEBUG -   ✓ NOCHE 2026-11-03: 5 personal (requiere 3)
2025-10-26 17:34:00,837 - DEBUG -   ✓ TARDE 2026-11-04: 3 personal (requiere 3)
2025-10-26 17:34:00,837 - DEBUG -   ✓ MANANA 2026-11-04: 4 personal (requiere 4)
2025-10-26 17:34:00,838 - DEBUG -   ✓ NOCHE 2026-11-04: 6 personal (requiere 3)
2025-10-26 17:34:00,838 - DEBUG -   ✓ NOCHE 2026-11-05: 3 personal (requiere 3)
2025-10-26 17:34:00,838 - DEBUG -   ✓ TARDE 2026-11-05: 5 personal (requiere 3)
2025-10-26 17:34:00,839 - DEBUG -   ✓ MANANA 2026-11-05: 4 personal (requiere 4)
2025-10-26 17:34:00,839 - DEBUG -   ✓ TARDE 2026-11-06: 6 personal (requiere 3)
2025-10-26 17:34:00,840 - DEBUG -   ✓ NOCHE 2026-11-06: 5 personal (requiere 3)
2025-10-26 17:34:00,840 - DEBUG -   ✓ MANANA 2026-11-06: 4 personal (requiere 4)
2025-10-26 17:34:00,840 - DEBUG -   ✓ TARDE 2026-11-07: 6 personal (requiere 3)
2025-10-26 17:34:00,841 - DEBUG -   ✓ NOCHE 2026-11-07: 4 personal (requiere 3)
2025-10-26 17:34:00,841 - DEBUG -   ✓ MANANA 2026-11-07: 4 personal (requiere 4)
2025-10-26 17:34:00,841 - DEBUG -   ✓ TARDE 2026-11-08: 3 personal (requiere 3)
2025-10-26 17:34:00,842 - DEBUG -   ✓ NOCHE 2026-11-08: 7 personal (requiere 3)
2025-10-26 17:34:00,842 - DEBUG -   ✓ MANANA 2026-11-08: 5 personal (requiere 4)
2025-10-26 17:34:00,843 - DEBUG -   ✓ TARDE 2026-11-09: 4 personal (requiere 3)
2025-10-26 17:34:00,843 - DEBUG -   ✓ NOCHE 2026-11-09: 7 personal (requiere 3)
2025-10-26 17:34:00,844 - DEBUG -   ✓ MANANA 2026-11-09: 4 personal (requiere 4)
2025-10-26 17:34:00,844 - DEBUG -   ✓ TARDE 2026-11-10: 5 personal (requiere 3)
2025-10-26 17:34:00,844 - DEBUG -   ✓ NOCHE 2026-11-10: 4 personal (requiere 3)
2025-10-26 17:34:00,845 - DEBUG -   ✓ MANANA 2026-11-10: 4 personal (requiere 4)
2025-10-26 17:34:00,845 - DEBUG -   ✓ NOCHE 2026-11-11: 4 personal (requiere 3)
2025-10-26 17:34:00,846 - DEBUG -   ✓ TARDE 2026-11-11: 8 personal (requiere 3)
2025-10-26 17:34:00,846 - DEBUG -   ✓ MANANA 2026-11-11: 4 personal (requiere 4)
2025-10-26 17:34:00,847 - DEBUG -   ✓ NOCHE 2026-11-12: 5 personal (requiere 3)
2025-10-26 17:34:00,847 - DEBUG -   ✓ TARDE 2026-11-12: 7 personal (requiere 3)
2025-10-26 17:34:00,848 - DEBUG -   ✓ MANANA 2026-11-12: 5 personal (requiere 4)
2025-10-26 17:34:00,848 - DEBUG -   ✓ TARDE 2026-11-13: 3 personal (requiere 3)
2025-10-26 17:34:00,848 - DEBUG -   ✓ NOCHE 2026-11-13: 4 personal (requiere 3)
2025-10-26 17:34:00,849 - DEBUG -   ✓ MANANA 2026-11-13: 6 personal (requiere 4)
2025-10-26 17:34:00,849 - DEBUG -   ✓ TARDE 2026-11-14: 4 personal (requiere 3)
2025-10-26 17:34:00,849 - DEBUG -   ✓ NOCHE 2026-11-14: 5 personal (requiere 3)
2025-10-26 17:34:00,850 - DEBUG -   ✓ MANANA 2026-11-14: 4 personal (requiere 4)
2025-10-26 17:34:00,850 - DEBUG -   ✓ TARDE 2026-11-15: 5 personal (requiere 3)
2025-10-26 17:34:00,851 - DEBUG -   ✓ NOCHE 2026-11-15: 4 personal (requiere 3)
2025-10-26 17:34:00,852 - DEBUG -   ✓ MANANA 2026-11-15: 4 personal (requiere 4)
2025-10-26 17:34:00,852 - DEBUG -   ✓ MANANA 2026-11-16: 5 personal (requiere 4)
2025-10-26 17:34:00,853 - DEBUG -   ✓ TARDE 2026-11-16: 8 personal (requiere 3)
2025-10-26 17:34:00,853 - DEBUG -   ✓ NOCHE 2026-11-16: 4 personal (requiere 3)
2025-10-26 17:34:00,853 - DEBUG -   ✓ MANANA 2026-11-17: 4 personal (requiere 4)
2025-10-26 17:34:00,854 - DEBUG -   ✓ TARDE 2026-11-17: 6 personal (requiere 3)
2025-10-26 17:34:00,854 - DEBUG -   ✓ NOCHE 2026-11-17: 6 personal (requiere 3)
2025-10-26 17:34:00,855 - DEBUG -   ✓ MANANA 2026-11-18: 4 personal (requiere 4)
2025-10-26 17:34:00,855 - DEBUG -   ✓ TARDE 2026-11-18: 6 personal (requiere 3)
2025-10-26 17:34:00,856 - DEBUG -   ✓ NOCHE 2026-11-18: 5 personal (requiere 3)
2025-10-26 17:34:00,856 - DEBUG -   ✓ MANANA 2026-11-19: 4 personal (requiere 4)
2025-10-26 17:34:00,856 - DEBUG -   ✓ TARDE 2026-11-19: 5 personal (requiere 3)
2025-10-26 17:34:00,857 - DEBUG -   ✓ NOCHE 2026-11-19: 7 personal (requiere 3)
2025-10-26 17:34:00,857 - DEBUG -   ✓ NOCHE 2026-11-20: 4 personal (requiere 3)
2025-10-26 17:34:00,857 - DEBUG -   ✓ MANANA 2026-11-20: 6 personal (requiere 4)
2025-10-26 17:34:00,857 - DEBUG -   ✓ TARDE 2026-11-20: 7 personal (requiere 3)
2025-10-26 17:34:00,858 - DEBUG -   ✓ NOCHE 2026-11-21: 3 personal (requiere 3)
2025-10-26 17:34:00,858 - DEBUG -   ✓ TARDE 2026-11-21: 8 personal (requiere 3)
2025-10-26 17:34:00,859 - DEBUG -   ✓ MANANA 2026-11-21: 4 personal (requiere 4)
2025-10-26 17:34:00,859 - DEBUG -   ✓ MANANA 2026-11-22: 6 personal (requiere 4)
2025-10-26 17:34:00,859 - DEBUG -   ✓ NOCHE 2026-11-22: 4 personal (requiere 3)
2025-10-26 17:34:00,860 - DEBUG -   ✓ TARDE 2026-11-22: 4 personal (requiere 3)
2025-10-26 17:34:00,860 - DEBUG -   ✓ NOCHE 2026-11-23: 7 personal (requiere 3)
2025-10-26 17:34:00,860 - DEBUG -   ✓ TARDE 2026-11-23: 5 personal (requiere 3)
2025-10-26 17:34:00,861 - DEBUG -   ✓ MANANA 2026-11-23: 4 personal (requiere 4)
2025-10-26 17:34:00,861 - DEBUG -   ✓ TARDE 2026-11-24: 8 personal (requiere 3)
2025-10-26 17:34:00,861 - DEBUG -   ✓ MANANA 2026-11-24: 4 personal (requiere 4)
2025-10-26 17:34:00,862 - DEBUG -   ✓ NOCHE 2026-11-24: 3 personal (requiere 3)
2025-10-26 17:34:00,862 - DEBUG -   ✓ MANANA 2026-11-25: 8 personal (requiere 4)
2025-10-26 17:34:00,862 - DEBUG -   ✓ NOCHE 2026-11-25: 3 personal (requiere 3)
2025-10-26 17:34:00,863 - DEBUG -   ✓ TARDE 2026-11-25: 6 personal (requiere 3)
2025-10-26 17:34:00,863 - DEBUG -   ✓ NOCHE 2026-11-26: 7 personal (requiere 3)
2025-10-26 17:34:00,863 - DEBUG -   ✓ TARDE 2026-11-26: 6 personal (requiere 3)
2025-10-26 17:34:00,864 - DEBUG -   ✓ MANANA 2026-11-26: 4 personal (requiere 4)
2025-10-26 17:34:00,864 - DEBUG -   ✓ NOCHE 2026-11-27: 6 personal (requiere 3)
2025-10-26 17:34:00,864 - DEBUG -   ✓ MANANA 2026-11-27: 4 personal (requiere 4)
2025-10-26 17:34:00,864 - DEBUG -   ✓ TARDE 2026-11-27: 6 personal (requiere 3)
2025-10-26 17:34:00,865 - DEBUG -   ✓ MANANA 2026-11-28: 4 personal (requiere 4)
2025-10-26 17:34:00,865 - DEBUG -   ✓ TARDE 2026-11-28: 8 personal (requiere 3)
2025-10-26 17:34:00,865 - DEBUG -   ✓ NOCHE 2026-11-28: 3 personal (requiere 3)
2025-10-26 17:34:00,865 - DEBUG -   ✓ NOCHE 2026-11-29: 3 personal (requiere 3)
2025-10-26 17:34:00,866 - DEBUG -   ✓ MANANA 2026-11-29: 4 personal (requiere 4)
2025-10-26 17:34:00,866 - DEBUG -   ✓ TARDE 2026-11-29: 9 personal (requiere 3)
2025-10-26 17:34:00,866 - DEBUG -   ✓ TARDE 2026-11-30: 7 personal (requiere 3)
2025-10-26 17:34:00,867 - DEBUG -   ✓ MANANA 2026-11-30: 4 personal (requiere 4)
2025-10-26 17:34:00,867 - DEBUG -   ✓ NOCHE 2026-11-30: 5 personal (requiere 3)
2025-10-26 17:34:00,867 - DEBUG -   ✓ NOCHE 2026-12-01: 4 personal (requiere 3)
2025-10-26 17:34:00,868 - DEBUG -   ✓ MANANA 2026-12-01: 4 personal (requiere 4)
2025-10-26 17:34:00,868 - DEBUG -   ✓ TARDE 2026-12-01: 9 personal (requiere 3)
2025-10-26 17:34:00,868 - DEBUG -   ✓ TARDE 2026-12-02: 10 personal (requiere 3)
2025-10-26 17:34:00,869 - DEBUG -   ✓ NOCHE 2026-12-02: 3 personal (requiere 3)
2025-10-26 17:34:00,869 - DEBUG -   ✓ MANANA 2026-12-02: 4 personal (requiere 4)
2025-10-26 17:34:00,869 - DEBUG -   ✓ NOCHE 2026-12-03: 6 personal (requiere 3)
2025-10-26 17:34:00,870 - DEBUG -   ✓ MANANA 2026-12-03: 4 personal (requiere 4)
2025-10-26 17:34:00,870 - DEBUG -   ✓ TARDE 2026-12-03: 5 personal (requiere 3)
2025-10-26 17:34:00,870 - DEBUG -   ✓ TARDE 2026-12-04: 3 personal (requiere 3)
2025-10-26 17:34:00,871 - DEBUG -   ✓ MANANA 2026-12-04: 5 personal (requiere 4)
2025-10-26 17:34:00,871 - DEBUG -   ✓ NOCHE 2026-12-04: 5 personal (requiere 3)
2025-10-26 17:34:00,872 - DEBUG -   ✓ NOCHE 2026-12-05: 4 personal (requiere 3)
2025-10-26 17:34:00,872 - DEBUG -   ✓ MANANA 2026-12-05: 4 personal (requiere 4)
2025-10-26 17:34:00,872 - DEBUG -   ✓ TARDE 2026-12-05: 6 personal (requiere 3)
2025-10-26 17:34:00,873 - DEBUG -   ✓ TARDE 2026-12-06: 4 personal (requiere 3)
2025-10-26 17:34:00,873 - DEBUG -   ✓ NOCHE 2026-12-06: 5 personal (requiere 3)
2025-10-26 17:34:00,873 - DEBUG -   ✓ MANANA 2026-12-06: 4 personal (requiere 4)
2025-10-26 17:34:00,874 - DEBUG -   ✓ NOCHE 2026-12-07: 4 personal (requiere 3)
2025-10-26 17:34:00,874 - DEBUG -   ✓ TARDE 2026-12-07: 4 personal (requiere 3)
2025-10-26 17:34:00,874 - DEBUG -   ✓ MANANA 2026-12-07: 5 personal (requiere 4)
2025-10-26 17:34:00,875 - DEBUG -   ✓ TARDE 2026-12-08: 6 personal (requiere 3)
2025-10-26 17:34:00,876 - DEBUG -   ✓ NOCHE 2026-12-08: 5 personal (requiere 3)
2025-10-26 17:34:00,876 - DEBUG -   ✓ MANANA 2026-12-08: 5 personal (requiere 4)
2025-10-26 17:34:00,877 - DEBUG -   ✓ NOCHE 2026-12-09: 4 personal (requiere 3)
2025-10-26 17:34:00,877 - DEBUG -   ✓ TARDE 2026-12-09: 7 personal (requiere 3)
2025-10-26 17:34:00,877 - DEBUG -   ✓ MANANA 2026-12-09: 6 personal (requiere 4)
2025-10-26 17:34:00,878 - DEBUG -   ✓ TARDE 2026-12-10: 6 personal (requiere 3)
2025-10-26 17:34:00,878 - DEBUG -   ✓ MANANA 2026-12-10: 5 personal (requiere 4)
2025-10-26 17:34:00,879 - DEBUG -   ✓ NOCHE 2026-12-10: 3 personal (requiere 3)
2025-10-26 17:34:00,879 - DEBUG -   ✓ MANANA 2026-12-11: 5 personal (requiere 4)
2025-10-26 17:34:00,879 - DEBUG -   ✓ NOCHE 2026-12-11: 9 personal (requiere 3)
2025-10-26 17:34:00,880 - DEBUG -   ✓ TARDE 2026-12-11: 3 personal (requiere 3)
2025-10-26 17:34:00,880 - DEBUG -   ✓ NOCHE 2026-12-12: 3 personal (requiere 3)
2025-10-26 17:34:00,880 - DEBUG -   ✓ MANANA 2026-12-12: 4 personal (requiere 4)
2025-10-26 17:34:00,881 - DEBUG -   ✓ TARDE 2026-12-12: 6 personal (requiere 3)
2025-10-26 17:34:00,881 - DEBUG -   ✓ TARDE 2026-12-13: 7 personal (requiere 3)
2025-10-26 17:34:00,881 - DEBUG -   ✓ MANANA 2026-12-13: 4 personal (requiere 4)
2025-10-26 17:34:00,882 - DEBUG -   ✓ NOCHE 2026-12-13: 4 personal (requiere 3)
2025-10-26 17:34:00,882 - DEBUG -   ✓ NOCHE 2026-12-14: 6 personal (requiere 3)
2025-10-26 17:34:00,882 - DEBUG -   ✓ MANANA 2026-12-14: 6 personal (requiere 4)
2025-10-26 17:34:00,883 - DEBUG -   ✓ TARDE 2026-12-14: 5 personal (requiere 3)
2025-10-26 17:34:00,883 - DEBUG -   ✓ TARDE 2026-12-15: 7 personal (requiere 3)
2025-10-26 17:34:00,883 - DEBUG -   ✓ MANANA 2026-12-15: 5 personal (requiere 4)
2025-10-26 17:34:00,884 - DEBUG -   ✓ NOCHE 2026-12-15: 4 personal (requiere 3)
2025-10-26 17:34:00,884 - DEBUG -   ✓ MANANA 2026-12-16: 6 personal (requiere 4)
2025-10-26 17:34:00,884 - DEBUG -   ✓ NOCHE 2026-12-16: 6 personal (requiere 3)
2025-10-26 17:34:00,885 - DEBUG -   ✓ TARDE 2026-12-16: 3 personal (requiere 3)
2025-10-26 17:34:00,885 - DEBUG -   ✓ NOCHE 2026-12-17: 8 personal (requiere 3)
2025-10-26 17:34:00,885 - DEBUG -   ✓ MANANA 2026-12-17: 5 personal (requiere 4)
2025-10-26 17:34:00,886 - DEBUG -   ✓ TARDE 2026-12-17: 3 personal (requiere 3)
2025-10-26 17:34:00,886 - DEBUG -   ✓ TARDE 2026-12-18: 3 personal (requiere 3)
2025-10-26 17:34:00,886 - DEBUG -   ✓ NOCHE 2026-12-18: 3 personal (requiere 3)
2025-10-26 17:34:00,887 - DEBUG -   ✓ MANANA 2026-12-18: 7 personal (requiere 4)
2025-10-26 17:34:00,887 - DEBUG -   ✓ MANANA 2026-12-19: 8 personal (requiere 4)
2025-10-26 17:34:00,887 - DEBUG -   ✓ TARDE 2026-12-19: 3 personal (requiere 3)
2025-10-26 17:34:00,888 - DEBUG -   ✓ NOCHE 2026-12-19: 5 personal (requiere 3)
2025-10-26 17:34:00,888 - DEBUG -   ✓ TARDE 2026-12-20: 5 personal (requiere 3)
2025-10-26 17:34:00,888 - DEBUG -   ✓ NOCHE 2026-12-20: 5 personal (requiere 3)
2025-10-26 17:34:00,889 - DEBUG -   ✓ MANANA 2026-12-20: 4 personal (requiere 4)
2025-10-26 17:34:00,889 - DEBUG -   ✓ MANANA 2026-12-21: 6 personal (requiere 4)
2025-10-26 17:34:00,889 - DEBUG -   ✓ NOCHE 2026-12-21: 4 personal (requiere 3)
2025-10-26 17:34:00,889 - DEBUG -   ✓ TARDE 2026-12-21: 4 personal (requiere 3)
2025-10-26 17:34:00,890 - DEBUG -   ✓ MANANA 2026-12-22: 4 personal (requiere 4)
2025-10-26 17:34:00,890 - DEBUG -   ✓ NOCHE 2026-12-22: 5 personal (requiere 3)
2025-10-26 17:34:00,890 - DEBUG -   ✓ TARDE 2026-12-22: 5 personal (requiere 3)
2025-10-26 17:34:00,891 - DEBUG -   ✓ NOCHE 2026-12-23: 5 personal (requiere 3)
2025-10-26 17:34:00,891 - DEBUG -   ✓ TARDE 2026-12-23: 8 personal (requiere 3)
2025-10-26 17:34:00,892 - DEBUG -   ✓ MANANA 2026-12-23: 4 personal (requiere 4)
2025-10-26 17:34:00,892 - DEBUG -   ✓ NOCHE 2026-12-24: 4 personal (requiere 3)
2025-10-26 17:34:00,892 - DEBUG -   ✓ TARDE 2026-12-24: 5 personal (requiere 3)
2025-10-26 17:34:00,893 - DEBUG -   ✓ MANANA 2026-12-24: 5 personal (requiere 4)
2025-10-26 17:34:00,893 - DEBUG -   ✓ MANANA 2026-12-25: 6 personal (requiere 4)
2025-10-26 17:34:00,894 - DEBUG -   ✓ NOCHE 2026-12-25: 3 personal (requiere 3)
2025-10-26 17:34:00,894 - DEBUG -   ✓ TARDE 2026-12-25: 5 personal (requiere 3)
2025-10-26 17:34:00,895 - DEBUG -   ✓ NOCHE 2026-12-26: 3 personal (requiere 3)
2025-10-26 17:34:00,895 - DEBUG -   ✓ MANANA 2026-12-26: 10 personal (requiere 4)
2025-10-26 17:34:00,895 - DEBUG -   ✓ TARDE 2026-12-26: 4 personal (requiere 3)
2025-10-26 17:34:00,896 - DEBUG -   ✓ MANANA 2026-12-27: 6 personal (requiere 4)
2025-10-26 17:34:00,896 - DEBUG -   ✓ TARDE 2026-12-27: 4 personal (requiere 3)
2025-10-26 17:34:00,896 - DEBUG -   ✓ NOCHE 2026-12-27: 6 personal (requiere 3)
2025-10-26 17:34:00,897 - DEBUG -   ✓ MANANA 2026-12-28: 6 personal (requiere 4)
2025-10-26 17:34:00,897 - DEBUG -   ✓ TARDE 2026-12-28: 7 personal (requiere 3)
2025-10-26 17:34:00,897 - DEBUG -   ✓ NOCHE 2026-12-28: 5 personal (requiere 3)
2025-10-26 17:34:00,898 - DEBUG -   ✓ MANANA 2026-12-29: 4 personal (requiere 4)
2025-10-26 17:34:00,898 - DEBUG -   ✓ NOCHE 2026-12-29: 4 personal (requiere 3)
2025-10-26 17:34:00,898 - DEBUG -   ✓ TARDE 2026-12-29: 7 personal (requiere 3)
2025-10-26 17:34:00,899 - DEBUG -   ✓ NOCHE 2026-12-30: 7 personal (requiere 3)
2025-10-26 17:34:00,899 - DEBUG -   ✓ MANANA 2026-12-30: 6 personal (requiere 4)
2025-10-26 17:34:00,899 - DEBUG -   ✓ TARDE 2026-12-30: 3 personal (requiere 3)
2025-10-26 17:34:00,900 - DEBUG -   ✓ TARDE 2026-12-31: 6 personal (requiere 3)
2025-10-26 17:34:00,900 - DEBUG -   ✓ MANANA 2026-12-31: 4 personal (requiere 4)
2025-10-26 17:34:00,900 - DEBUG -   ✓ NOCHE 2026-12-31: 4 personal (requiere 3)
2025-10-26 17:34:00,901 - DEBUG -   ✓ MANANA 2027-01-01: 7 personal (requiere 4)
2025-10-26 17:34:00,901 - DEBUG -   ✓ NOCHE 2027-01-01: 5 personal (requiere 3)
2025-10-26 17:34:00,901 - DEBUG -   ✓ TARDE 2027-01-01: 3 personal (requiere 3)
2025-10-26 17:34:00,902 - DEBUG -   ✓ MANANA 2027-01-02: 4 personal (requiere 4)
2025-10-26 17:34:00,902 - DEBUG -   ✓ TARDE 2027-01-02: 7 personal (requiere 3)
2025-10-26 17:34:00,902 - DEBUG -   ✓ NOCHE 2027-01-02: 4 personal (requiere 3)
2025-10-26 17:34:00,903 - DEBUG -   ✓ MANANA 2027-01-03: 8 personal (requiere 4)
2025-10-26 17:34:00,903 - DEBUG -   ✓ TARDE 2027-01-03: 4 personal (requiere 3)
2025-10-26 17:34:00,903 - DEBUG -   ✓ NOCHE 2027-01-03: 4 personal (requiere 3)
2025-10-26 17:34:00,904 - DEBUG -   ✓ MANANA 2027-01-04: 7 personal (requiere 4)
2025-10-26 17:34:00,904 - DEBUG -   ✓ NOCHE 2027-01-04: 6 personal (requiere 3)
2025-10-26 17:34:00,904 - DEBUG -   ✓ TARDE 2027-01-04: 3 personal (requiere 3)
2025-10-26 17:34:00,905 - DEBUG -   ✓ MANANA 2027-01-05: 5 personal (requiere 4)
2025-10-26 17:34:00,905 - DEBUG -   ✓ NOCHE 2027-01-05: 3 personal (requiere 3)
2025-10-26 17:34:00,905 - DEBUG -   ✓ TARDE 2027-01-05: 8 personal (requiere 3)
2025-10-26 17:34:00,906 - DEBUG -   ✓ TARDE 2027-01-06: 6 personal (requiere 3)
2025-10-26 17:34:00,906 - DEBUG -   ✓ NOCHE 2027-01-06: 6 personal (requiere 3)
2025-10-26 17:34:00,907 - DEBUG -   ✓ MANANA 2027-01-06: 4 personal (requiere 4)
2025-10-26 17:34:00,907 - DEBUG -   ✓ TARDE 2027-01-07: 5 personal (requiere 3)
2025-10-26 17:34:00,907 - DEBUG -   ✓ NOCHE 2027-01-07: 5 personal (requiere 3)
2025-10-26 17:34:00,908 - DEBUG -   ✓ MANANA 2027-01-07: 7 personal (requiere 4)
2025-10-26 17:34:00,908 - DEBUG -   ✓ NOCHE 2027-01-08: 4 personal (requiere 3)
2025-10-26 17:34:00,908 - DEBUG -   ✓ MANANA 2027-01-08: 7 personal (requiere 4)
2025-10-26 17:34:00,909 - DEBUG -   ✓ TARDE 2027-01-08: 3 personal (requiere 3)
2025-10-26 17:34:00,909 - DEBUG -   ✓ NOCHE 2027-01-09: 4 personal (requiere 3)
2025-10-26 17:34:00,910 - DEBUG -   ✓ TARDE 2027-01-09: 6 personal (requiere 3)
2025-10-26 17:34:00,910 - DEBUG -   ✓ MANANA 2027-01-09: 4 personal (requiere 4)
2025-10-26 17:34:00,911 - DEBUG -   ✓ NOCHE 2027-01-10: 6 personal (requiere 3)
2025-10-26 17:34:00,911 - DEBUG -   ✓ MANANA 2027-01-10: 5 personal (requiere 4)
2025-10-26 17:34:00,912 - DEBUG -   ✓ TARDE 2027-01-10: 4 personal (requiere 3)
2025-10-26 17:34:00,912 - DEBUG -   ✓ NOCHE 2027-01-11: 6 personal (requiere 3)
2025-10-26 17:34:00,912 - DEBUG -   ✓ MANANA 2027-01-11: 4 personal (requiere 4)
2025-10-26 17:34:00,913 - DEBUG -   ✓ TARDE 2027-01-11: 4 personal (requiere 3)
2025-10-26 17:34:00,913 - DEBUG -   ✓ MANANA 2027-01-12: 4 personal (requiere 4)
2025-10-26 17:34:00,913 - DEBUG -   ✓ NOCHE 2027-01-12: 6 personal (requiere 3)
2025-10-26 17:34:00,914 - DEBUG -   ✓ TARDE 2027-01-12: 4 personal (requiere 3)
2025-10-26 17:34:00,914 - DEBUG -   ✓ MANANA 2027-01-13: 5 personal (requiere 4)
2025-10-26 17:34:00,914 - DEBUG -   ✓ TARDE 2027-01-13: 3 personal (requiere 3)
2025-10-26 17:34:00,915 - DEBUG -   ✓ NOCHE 2027-01-13: 6 personal (requiere 3)
2025-10-26 17:34:00,915 - DEBUG -   ✓ NOCHE 2027-01-14: 6 personal (requiere 3)
2025-10-26 17:34:00,915 - DEBUG -   ✓ MANANA 2027-01-14: 4 personal (requiere 4)
2025-10-26 17:34:00,916 - DEBUG -   ✓ TARDE 2027-01-14: 4 personal (requiere 3)
2025-10-26 17:34:00,916 - DEBUG -   ✓ NOCHE 2027-01-15: 6 personal (requiere 3)
2025-10-26 17:34:00,917 - DEBUG -   ✓ TARDE 2027-01-15: 5 personal (requiere 3)
2025-10-26 17:34:00,917 - DEBUG -   ✓ MANANA 2027-01-15: 4 personal (requiere 4)
2025-10-26 17:34:00,917 - DEBUG -   ✓ TARDE 2027-01-16: 6 personal (requiere 3)
2025-10-26 17:34:00,917 - DEBUG -   ✓ MANANA 2027-01-16: 5 personal (requiere 4)
2025-10-26 17:34:00,918 - DEBUG -   ✓ NOCHE 2027-01-16: 3 personal (requiere 3)
2025-10-26 17:34:00,918 - DEBUG -   ✓ MANANA 2027-01-17: 5 personal (requiere 4)
2025-10-26 17:34:00,919 - DEBUG -   ✓ TARDE 2027-01-17: 5 personal (requiere 3)
2025-10-26 17:34:00,919 - DEBUG -   ✓ NOCHE 2027-01-17: 3 personal (requiere 3)
2025-10-26 17:34:00,919 - DEBUG -   ✓ MANANA 2027-01-18: 6 personal (requiere 4)
2025-10-26 17:34:00,920 - DEBUG -   ✓ NOCHE 2027-01-18: 3 personal (requiere 3)
2025-10-26 17:34:00,920 - DEBUG -   ✓ TARDE 2027-01-18: 3 personal (requiere 3)
2025-10-26 17:34:00,920 - DEBUG -   ✓ MANANA 2027-01-19: 8 personal (requiere 4)
2025-10-26 17:34:00,921 - DEBUG -   ✓ TARDE 2027-01-19: 3 personal (requiere 3)
2025-10-26 17:34:00,921 - DEBUG -   ✓ NOCHE 2027-01-19: 5 personal (requiere 3)
2025-10-26 17:34:00,921 - DEBUG -   ✓ TARDE 2027-01-20: 6 personal (requiere 3)
2025-10-26 17:34:00,922 - DEBUG -   ✓ MANANA 2027-01-20: 5 personal (requiere 4)
2025-10-26 17:34:00,922 - DEBUG -   ✓ NOCHE 2027-01-20: 3 personal (requiere 3)
2025-10-26 17:34:00,923 - DEBUG -   ✓ TARDE 2027-01-21: 6 personal (requiere 3)
2025-10-26 17:34:00,923 - DEBUG -   ✓ MANANA 2027-01-21: 4 personal (requiere 4)
2025-10-26 17:34:00,923 - DEBUG -   ✓ NOCHE 2027-01-21: 4 personal (requiere 3)
2025-10-26 17:34:00,924 - DEBUG -   ✓ MANANA 2027-01-22: 4 personal (requiere 4)
2025-10-26 17:34:00,924 - DEBUG -   ✓ TARDE 2027-01-22: 4 personal (requiere 3)
2025-10-26 17:34:00,924 - DEBUG -   ✓ NOCHE 2027-01-22: 5 personal (requiere 3)
2025-10-26 17:34:00,925 - DEBUG -   ✓ MANANA 2027-01-23: 6 personal (requiere 4)
2025-10-26 17:34:00,925 - DEBUG -   ✓ NOCHE 2027-01-23: 7 personal (requiere 3)
2025-10-26 17:34:00,925 - DEBUG -   ✓ TARDE 2027-01-23: 3 personal (requiere 3)
2025-10-26 17:34:00,926 - DEBUG -   ✓ NOCHE 2027-01-24: 8 personal (requiere 3)
2025-10-26 17:34:00,926 - DEBUG -   ✓ MANANA 2027-01-24: 4 personal (requiere 4)
2025-10-26 17:34:00,927 - DEBUG -   ✓ TARDE 2027-01-24: 4 personal (requiere 3)
2025-10-26 17:34:00,927 - DEBUG -   ✓ TARDE 2027-01-25: 5 personal (requiere 3)
2025-10-26 17:34:00,927 - DEBUG -   ✓ MANANA 2027-01-25: 6 personal (requiere 4)
2025-10-26 17:34:00,928 - DEBUG -   ✓ NOCHE 2027-01-25: 5 personal (requiere 3)
2025-10-26 17:34:00,928 - DEBUG -   ✓ TARDE 2027-01-26: 3 personal (requiere 3)
2025-10-26 17:34:00,928 - DEBUG -   ✓ MANANA 2027-01-26: 4 personal (requiere 4)
2025-10-26 17:34:00,929 - DEBUG -   ✓ NOCHE 2027-01-26: 7 personal (requiere 3)
2025-10-26 17:34:00,929 - DEBUG -   ✓ TARDE 2027-01-27: 4 personal (requiere 3)
2025-10-26 17:34:00,929 - DEBUG -   ✓ MANANA 2027-01-27: 5 personal (requiere 4)
2025-10-26 17:34:00,930 - DEBUG -   ✓ NOCHE 2027-01-27: 4 personal (requiere 3)
2025-10-26 17:34:00,930 - DEBUG -   ✓ TARDE 2027-01-28: 3 personal (requiere 3)
2025-10-26 17:34:00,930 - DEBUG -   ✓ NOCHE 2027-01-28: 4 personal (requiere 3)
2025-10-26 17:34:00,931 - DEBUG -   ✓ MANANA 2027-01-28: 10 personal (requiere 4)
2025-10-26 17:34:00,931 - DEBUG -   ✓ TARDE 2027-01-29: 6 personal (requiere 3)
2025-10-26 17:34:00,931 - DEBUG -   ✓ NOCHE 2027-01-29: 4 personal (requiere 3)
2025-10-26 17:34:00,932 - DEBUG -   ✓ MANANA 2027-01-29: 5 personal (requiere 4)
2025-10-26 17:34:00,932 - DEBUG -   ✓ TARDE 2027-01-30: 3 personal (requiere 3)
2025-10-26 17:34:00,932 - DEBUG -   ✓ MANANA 2027-01-30: 9 personal (requiere 4)
2025-10-26 17:34:00,933 - DEBUG -   ✓ NOCHE 2027-01-30: 3 personal (requiere 3)
2025-10-26 17:34:00,933 - DEBUG -   ✓ MANANA 2027-01-31: 4 personal (requiere 4)
2025-10-26 17:34:00,933 - DEBUG -   ✓ NOCHE 2027-01-31: 6 personal (requiere 3)
2025-10-26 17:34:00,934 - DEBUG -   ✓ TARDE 2027-01-31: 6 personal (requiere 3)
2025-10-26 17:34:00,934 - INFO - ✓ VÁLIDO: RD019 - Cobertura verificada para 1095 turnos
2025-10-26 17:34:00,939 - ERROR - ✗ VIOLACIÓN: RD006 - Pepa 2026-02-08->2026-02-09 < 12h
2025-10-26 17:34:00,939 - ERROR - ✗ VIOLACIÓN: RD006 - Pepa 2026-02-11->2026-02-12 < 12h
2025-10-26 17:34:00,940 - ERROR - ✗ VIOLACIÓN: RD006 - Pepa 2026-02-13->2026-02-14 < 12h
2025-10-26 17:34:00,940 - ERROR - ✗ VIOLACIÓN: RD006 - Pepa 2026-02-18->2026-02-19 < 12h
2025-10-26 17:34:00,940 - ERROR - ✗ VIOLACIÓN: RD006 - Pepa 2026-03-07->2026-03-08 < 12h
2025-10-26 17:34:00,941 - ERROR - ✗ VIOLACIÓN: RD006 - Pepa 2026-03-11->2026-03-12 < 12h
2025-10-26 17:34:00,941 - ERROR - ✗ VIOLACIÓN: RD006 - Pepa 2026-03-15->2026-03-16 < 12h
2025-10-26 17:34:00,941 - ERROR - ✗ VIOLACIÓN: RD006 - Pepa 2026-03-19->2026-03-20 < 12h
2025-10-26 17:34:00,942 - ERROR - ✗ VIOLACIÓN: RD006 - Pepa 2026-03-21->2026-03-22 < 12h
2025-10-26 17:34:00,942 - ERROR - ✗ VIOLACIÓN: RD006 - Pepa 2026-03-23->2026-03-24 < 12h
2025-10-26 17:34:00,943 - ERROR - ✗ VIOLACIÓN: RD006 - Pepa 2026-05-06->2026-05-07 < 12h
2025-10-26 17:34:00,943 - ERROR - ✗ VIOLACIÓN: RD006 - Pepa 2026-06-15->2026-06-16 < 12h
2025-10-26 17:34:00,944 - ERROR - ✗ VIOLACIÓN: RD006 - Pepa 2026-07-19->2026-07-20 < 12h
2025-10-26 17:34:00,944 - ERROR - ✗ VIOLACIÓN: RD006 - Pepa 2026-07-22->2026-07-23 < 12h
2025-10-26 17:34:00,944 - ERROR - ✗ VIOLACIÓN: RD006 - Pepa 2026-07-25->2026-07-26 < 12h
2025-10-26 17:34:00,945 - ERROR - ✗ VIOLACIÓN: RD006 - Pepa 2026-09-01->2026-09-02 < 12h
2025-10-26 17:34:00,945 - ERROR - ✗ VIOLACIÓN: RD006 - Pepa 2026-09-13->2026-09-14 < 12h
2025-10-26 17:34:00,946 - ERROR - ✗ VIOLACIÓN: RD006 - Pepa 2026-09-17->2026-09-18 < 12h
2025-10-26 17:34:00,946 - ERROR - ✗ VIOLACIÓN: RD006 - Pepa 2026-10-01->2026-10-02 < 12h
2025-10-26 17:34:00,947 - ERROR - ✗ VIOLACIÓN: RD006 - Pepa 2026-10-04->2026-10-05 < 12h
2025-10-26 17:34:00,947 - ERROR - ✗ VIOLACIÓN: RD006 - Pepa 2026-11-02->2026-11-03 < 12h
2025-10-26 17:34:00,947 - ERROR - ✗ VIOLACIÓN: RD006 - Pepa 2026-11-15->2026-11-16 < 12h
2025-10-26 17:34:00,948 - ERROR - ✗ VIOLACIÓN: RD006 - Pepa 2026-11-24->2026-11-25 < 12h
2025-10-26 17:34:00,948 - ERROR - ✗ VIOLACIÓN: RD006 - Pepa 2026-12-15->2026-12-16 < 12h
2025-10-26 17:34:00,949 - ERROR - ✗ VIOLACIÓN: RD006 - Pepa 2026-12-31->2027-01-01 < 12h
2025-10-26 17:34:00,949 - ERROR - ✗ VIOLACIÓN: RD006 - Pepa 2027-01-16->2027-01-17 < 12h
2025-10-26 17:34:00,950 - ERROR - ✗ VIOLACIÓN: RD006 - Pepa 2027-01-30->2027-01-31 < 12h
2025-10-26 17:34:00,950 - ERROR - ✗ VIOLACIÓN: RD006 - Ramón 2026-02-02->2026-02-03 < 12h
2025-10-26 17:34:00,951 - ERROR - ✗ VIOLACIÓN: RD006 - Ramón 2026-02-04->2026-02-05 < 12h
2025-10-26 17:34:00,951 - ERROR - ✗ VIOLACIÓN: RD006 - Ramón 2026-02-09->2026-02-10 < 12h
2025-10-26 17:34:00,952 - ERROR - ✗ VIOLACIÓN: RD006 - Ramón 2026-02-13->2026-02-14 < 12h
2025-10-26 17:34:00,952 - ERROR - ✗ VIOLACIÓN: RD006 - Ramón 2026-02-17->2026-02-18 < 12h
2025-10-26 17:34:00,953 - ERROR - ✗ VIOLACIÓN: RD006 - Ramón 2026-02-24->2026-02-25 < 12h
2025-10-26 17:34:00,953 - ERROR - ✗ VIOLACIÓN: RD006 - Ramón 2026-03-02->2026-03-03 < 12h
2025-10-26 17:34:00,953 - ERROR - ✗ VIOLACIÓN: RD006 - Ramón 2026-03-05->2026-03-06 < 12h
2025-10-26 17:34:00,954 - ERROR - ✗ VIOLACIÓN: RD006 - Ramón 2026-03-08->2026-03-09 < 12h
2025-10-26 17:34:00,954 - ERROR - ✗ VIOLACIÓN: RD006 - Ramón 2026-03-15->2026-03-16 < 12h
2025-10-26 17:34:00,955 - ERROR - ✗ VIOLACIÓN: RD006 - Ramón 2026-04-02->2026-04-03 < 12h
2025-10-26 17:34:00,955 - ERROR - ✗ VIOLACIÓN: RD006 - Ramón 2026-05-23->2026-05-24 < 12h
2025-10-26 17:34:00,956 - ERROR - ✗ VIOLACIÓN: RD006 - Ramón 2026-08-19->2026-08-20 < 12h
2025-10-26 17:34:00,956 - ERROR - ✗ VIOLACIÓN: RD006 - Ramón 2026-08-29->2026-08-30 < 12h
2025-10-26 17:34:00,957 - ERROR - ✗ VIOLACIÓN: RD006 - Ramón 2026-09-12->2026-09-13 < 12h
2025-10-26 17:34:00,957 - ERROR - ✗ VIOLACIÓN: RD006 - Ramón 2026-09-14->2026-09-15 < 12h
2025-10-26 17:34:00,957 - ERROR - ✗ VIOLACIÓN: RD006 - Ramón 2026-09-21->2026-09-22 < 12h
2025-10-26 17:34:00,958 - ERROR - ✗ VIOLACIÓN: RD006 - Ramón 2026-09-30->2026-10-01 < 12h
2025-10-26 17:34:00,958 - ERROR - ✗ VIOLACIÓN: RD006 - Ramón 2026-10-07->2026-10-08 < 12h
2025-10-26 17:34:00,959 - ERROR - ✗ VIOLACIÓN: RD006 - Ramón 2026-10-23->2026-10-24 < 12h
2025-10-26 17:34:00,960 - ERROR - ✗ VIOLACIÓN: RD006 - Ramón 2026-11-23->2026-11-24 < 12h
2025-10-26 17:34:00,960 - ERROR - ✗ VIOLACIÓN: RD006 - Ramón 2026-11-28->2026-11-29 < 12h
2025-10-26 17:34:00,961 - ERROR - ✗ VIOLACIÓN: RD006 - Ramón 2026-12-13->2026-12-14 < 12h
2025-10-26 17:34:00,961 - ERROR - ✗ VIOLACIÓN: RD006 - Ramón 2026-12-18->2026-12-19 < 12h
2025-10-26 17:34:00,961 - ERROR - ✗ VIOLACIÓN: RD006 - Ramón 2027-01-07->2027-01-08 < 12h
2025-10-26 17:34:00,962 - ERROR - ✗ VIOLACIÓN: RD006 - Ramón 2027-01-21->2027-01-22 < 12h
2025-10-26 17:34:00,962 - ERROR - ✗ VIOLACIÓN: RD006 - enfermera1 2026-02-01->2026-02-02 < 12h
2025-10-26 17:34:00,963 - ERROR - ✗ VIOLACIÓN: RD006 - enfermera1 2026-02-09->2026-02-10 < 12h
2025-10-26 17:34:00,963 - ERROR - ✗ VIOLACIÓN: RD006 - enfermera1 2026-02-14->2026-02-15 < 12h
2025-10-26 17:34:00,964 - ERROR - ✗ VIOLACIÓN: RD006 - enfermera1 2026-02-18->2026-02-19 < 12h
2025-10-26 17:34:00,964 - ERROR - ✗ VIOLACIÓN: RD006 - enfermera1 2026-02-25->2026-02-26 < 12h
2025-10-26 17:34:00,964 - ERROR - ✗ VIOLACIÓN: RD006 - enfermera1 2026-02-27->2026-02-28 < 12h
2025-10-26 17:34:00,965 - ERROR - ✗ VIOLACIÓN: RD006 - enfermera1 2026-03-06->2026-03-07 < 12h
2025-10-26 17:34:00,965 - ERROR - ✗ VIOLACIÓN: RD006 - enfermera1 2026-03-20->2026-03-21 < 12h
2025-10-26 17:34:00,966 - ERROR - ✗ VIOLACIÓN: RD006 - enfermera1 2026-06-10->2026-06-11 < 12h
2025-10-26 17:34:00,966 - ERROR - ✗ VIOLACIÓN: RD006 - enfermera1 2026-06-12->2026-06-13 < 12h
2025-10-26 17:34:00,966 - ERROR - ✗ VIOLACIÓN: RD006 - enfermera1 2026-06-21->2026-06-22 < 12h
2025-10-26 17:34:00,967 - ERROR - ✗ VIOLACIÓN: RD006 - enfermera1 2026-06-23->2026-06-24 < 12h
2025-10-26 17:34:00,967 - ERROR - ✗ VIOLACIÓN: RD006 - enfermera1 2026-07-04->2026-07-05 < 12h
2025-10-26 17:34:00,968 - ERROR - ✗ VIOLACIÓN: RD006 - enfermera1 2026-07-14->2026-07-15 < 12h
2025-10-26 17:34:00,968 - ERROR - ✗ VIOLACIÓN: RD006 - enfermera1 2026-07-22->2026-07-23 < 12h
2025-10-26 17:34:00,969 - ERROR - ✗ VIOLACIÓN: RD006 - enfermera1 2026-08-13->2026-08-14 < 12h
2025-10-26 17:34:00,969 - ERROR - ✗ VIOLACIÓN: RD006 - enfermera1 2026-09-05->2026-09-06 < 12h
2025-10-26 17:34:00,969 - ERROR - ✗ VIOLACIÓN: RD006 - enfermera1 2026-09-19->2026-09-20 < 12h
2025-10-26 17:34:00,970 - ERROR - ✗ VIOLACIÓN: RD006 - enfermera1 2026-09-21->2026-09-22 < 12h
2025-10-26 17:34:00,970 - ERROR - ✗ VIOLACIÓN: RD006 - enfermera1 2026-09-26->2026-09-27 < 12h
2025-10-26 17:34:00,971 - ERROR - ✗ VIOLACIÓN: RD006 - enfermera1 2026-10-03->2026-10-04 < 12h
2025-10-26 17:34:00,971 - ERROR - ✗ VIOLACIÓN: RD006 - enfermera1 2026-10-14->2026-10-15 < 12h
2025-10-26 17:34:00,971 - ERROR - ✗ VIOLACIÓN: RD006 - enfermera1 2026-10-26->2026-10-27 < 12h
2025-10-26 17:34:00,972 - ERROR - ✗ VIOLACIÓN: RD006 - enfermera1 2026-10-31->2026-11-01 < 12h
2025-10-26 17:34:00,972 - ERROR - ✗ VIOLACIÓN: RD006 - enfermera1 2026-11-07->2026-11-08 < 12h
2025-10-26 17:34:00,972 - ERROR - ✗ VIOLACIÓN: RD006 - enfermera1 2026-11-19->2026-11-20 < 12h
2025-10-26 17:34:00,973 - ERROR - ✗ VIOLACIÓN: RD006 - enfermera1 2026-11-26->2026-11-27 < 12h
2025-10-26 17:34:00,973 - ERROR - ✗ VIOLACIÓN: RD006 - enfermera1 2026-11-30->2026-12-01 < 12h
2025-10-26 17:34:00,973 - ERROR - ✗ VIOLACIÓN: RD006 - enfermera1 2026-12-15->2026-12-16 < 12h
2025-10-26 17:34:00,974 - ERROR - ✗ VIOLACIÓN: RD006 - enfermera1 2027-01-20->2027-01-21 < 12h
2025-10-26 17:34:00,974 - ERROR - ✗ VIOLACIÓN: RD006 - enfermera1 2027-01-29->2027-01-30 < 12h
2025-10-26 17:34:00,975 - ERROR - ✗ VIOLACIÓN: RD006 - enfermera11 2026-02-06->2026-02-07 < 12h
2025-10-26 17:34:00,975 - ERROR - ✗ VIOLACIÓN: RD006 - enfermera11 2026-02-14->2026-02-15 < 12h
2025-10-26 17:34:00,976 - ERROR - ✗ VIOLACIÓN: RD006 - enfermera11 2026-02-19->2026-02-20 < 12h
2025-10-26 17:34:00,976 - ERROR - ✗ VIOLACIÓN: RD006 - enfermera11 2026-02-23->2026-02-24 < 12h
2025-10-26 17:34:00,977 - ERROR - ✗ VIOLACIÓN: RD006 - enfermera11 2026-03-18->2026-03-19 < 12h
2025-10-26 17:34:00,977 - ERROR - ✗ VIOLACIÓN: RD006 - enfermera11 2026-04-20->2026-04-21 < 12h
2025-10-26 17:34:00,978 - ERROR - ✗ VIOLACIÓN: RD006 - enfermera11 2026-05-02->2026-05-03 < 12h
2025-10-26 17:34:00,978 - ERROR - ✗ VIOLACIÓN: RD006 - enfermera11 2026-05-19->2026-05-20 < 12h
2025-10-26 17:34:00,978 - ERROR - ✗ VIOLACIÓN: RD006 - enfermera11 2026-05-25->2026-05-26 < 12h
2025-10-26 17:34:00,979 - ERROR - ✗ VIOLACIÓN: RD006 - enfermera11 2026-06-08->2026-06-09 < 12h
2025-10-26 17:34:00,979 - ERROR - ✗ VIOLACIÓN: RD006 - enfermera11 2026-06-13->2026-06-14 < 12h
2025-10-26 17:34:00,979 - ERROR - ✗ VIOLACIÓN: RD006 - enfermera11 2026-06-19->2026-06-20 < 12h
2025-10-26 17:34:00,980 - ERROR - ✗ VIOLACIÓN: RD006 - enfermera11 2026-06-22->2026-06-23 < 12h
2025-10-26 17:34:00,980 - ERROR - ✗ VIOLACIÓN: RD006 - enfermera11 2026-07-20->2026-07-21 < 12h
2025-10-26 17:34:00,980 - ERROR - ✗ VIOLACIÓN: RD006 - enfermera11 2026-07-23->2026-07-24 < 12h
2025-10-26 17:34:00,981 - ERROR - ✗ VIOLACIÓN: RD006 - enfermera11 2026-07-29->2026-07-30 < 12h
2025-10-26 17:34:00,981 - ERROR - ✗ VIOLACIÓN: RD006 - enfermera11 2026-08-11->2026-08-12 < 12h
2025-10-26 17:34:00,981 - ERROR - ✗ VIOLACIÓN: RD006 - enfermera11 2026-09-04->2026-09-05 < 12h
2025-10-26 17:34:00,982 - ERROR - ✗ VIOLACIÓN: RD006 - enfermera11 2026-09-27->2026-09-28 < 12h
2025-10-26 17:34:00,982 - ERROR - ✗ VIOLACIÓN: RD006 - enfermera11 2026-10-04->2026-10-05 < 12h
2025-10-26 17:34:00,982 - ERROR - ✗ VIOLACIÓN: RD006 - enfermera11 2026-10-10->2026-10-11 < 12h
2025-10-26 17:34:00,982 - ERROR - ✗ VIOLACIÓN: RD006 - enfermera11 2026-10-15->2026-10-16 < 12h
2025-10-26 17:34:00,983 - ERROR - ✗ VIOLACIÓN: RD006 - enfermera11 2026-10-24->2026-10-25 < 12h
2025-10-26 17:34:00,983 - ERROR - ✗ VIOLACIÓN: RD006 - enfermera11 2026-10-31->2026-11-01 < 12h
2025-10-26 17:34:00,983 - ERROR - ✗ VIOLACIÓN: RD006 - enfermera11 2026-11-02->2026-11-03 < 12h
2025-10-26 17:34:00,983 - ERROR - ✗ VIOLACIÓN: RD006 - enfermera11 2026-11-22->2026-11-23 < 12h
2025-10-26 17:34:00,984 - ERROR - ✗ VIOLACIÓN: RD006 - enfermera11 2026-11-28->2026-11-29 < 12h
2025-10-26 17:34:00,985 - ERROR - ✗ VIOLACIÓN: RD006 - enfermera11 2026-12-01->2026-12-02 < 12h
2025-10-26 17:34:00,985 - ERROR - ✗ VIOLACIÓN: RD006 - enfermera11 2026-12-08->2026-12-09 < 12h
2025-10-26 17:34:00,985 - ERROR - ✗ VIOLACIÓN: RD006 - enfermera11 2026-12-12->2026-12-13 < 12h
2025-10-26 17:34:00,986 - ERROR - ✗ VIOLACIÓN: RD006 - enfermera11 2026-12-28->2026-12-29 < 12h
2025-10-26 17:34:00,986 - ERROR - ✗ VIOLACIÓN: RD006 - enfermera11 2027-01-10->2027-01-11 < 12h
2025-10-26 17:34:00,987 - ERROR - ✗ VIOLACIÓN: RD006 - enfermera11 2027-01-12->2027-01-13 < 12h
2025-10-26 17:34:00,987 - ERROR - ✗ VIOLACIÓN: RD006 - enfermera11 2027-01-23->2027-01-24 < 12h
2025-10-26 17:34:00,988 - ERROR - ✗ VIOLACIÓN: RD006 - enfermera12 2026-02-09->2026-02-10 < 12h
2025-10-26 17:34:00,988 - ERROR - ✗ VIOLACIÓN: RD006 - enfermera12 2026-02-21->2026-02-22 < 12h
2025-10-26 17:34:00,988 - ERROR - ✗ VIOLACIÓN: RD006 - enfermera12 2026-03-16->2026-03-17 < 12h
2025-10-26 17:34:00,989 - ERROR - ✗ VIOLACIÓN: RD006 - enfermera12 2026-04-24->2026-04-25 < 12h
2025-10-26 17:34:00,989 - ERROR - ✗ VIOLACIÓN: RD006 - enfermera12 2026-05-06->2026-05-07 < 12h
2025-10-26 17:34:00,990 - ERROR - ✗ VIOLACIÓN: RD006 - enfermera12 2026-05-10->2026-05-11 < 12h
2025-10-26 17:34:00,990 - ERROR - ✗ VIOLACIÓN: RD006 - enfermera12 2026-05-25->2026-05-26 < 12h
2025-10-26 17:34:00,990 - ERROR - ✗ VIOLACIÓN: RD006 - enfermera12 2026-05-27->2026-05-28 < 12h
2025-10-26 17:34:00,991 - ERROR - ✗ VIOLACIÓN: RD006 - enfermera12 2026-06-05->2026-06-06 < 12h
2025-10-26 17:34:00,991 - ERROR - ✗ VIOLACIÓN: RD006 - enfermera12 2026-07-15->2026-07-16 < 12h
2025-10-26 17:34:00,992 - ERROR - ✗ VIOLACIÓN: RD006 - enfermera12 2026-08-01->2026-08-02 < 12h
2025-10-26 17:34:00,992 - ERROR - ✗ VIOLACIÓN: RD006 - enfermera12 2026-08-05->2026-08-06 < 12h
2025-10-26 17:34:00,993 - ERROR - ✗ VIOLACIÓN: RD006 - enfermera12 2026-08-07->2026-08-08 < 12h
2025-10-26 17:34:00,993 - ERROR - ✗ VIOLACIÓN: RD006 - enfermera12 2026-08-09->2026-08-10 < 12h
2025-10-26 17:34:00,994 - ERROR - ✗ VIOLACIÓN: RD006 - enfermera12 2026-08-13->2026-08-14 < 12h
2025-10-26 17:34:00,994 - ERROR - ✗ VIOLACIÓN: RD006 - enfermera12 2026-08-28->2026-08-29 < 12h
2025-10-26 17:34:00,995 - ERROR - ✗ VIOLACIÓN: RD006 - enfermera12 2026-09-17->2026-09-18 < 12h
2025-10-26 17:34:00,995 - ERROR - ✗ VIOLACIÓN: RD006 - enfermera12 2026-09-29->2026-09-30 < 12h
2025-10-26 17:34:00,996 - ERROR - ✗ VIOLACIÓN: RD006 - enfermera12 2026-10-02->2026-10-03 < 12h
2025-10-26 17:34:00,996 - ERROR - ✗ VIOLACIÓN: RD006 - enfermera12 2026-10-11->2026-10-12 < 12h
2025-10-26 17:34:00,996 - ERROR - ✗ VIOLACIÓN: RD006 - enfermera12 2026-10-13->2026-10-14 < 12h
2025-10-26 17:34:00,997 - ERROR - ✗ VIOLACIÓN: RD006 - enfermera12 2026-10-15->2026-10-16 < 12h
2025-10-26 17:34:00,997 - ERROR - ✗ VIOLACIÓN: RD006 - enfermera12 2026-10-20->2026-10-21 < 12h
2025-10-26 17:34:00,998 - ERROR - ✗ VIOLACIÓN: RD006 - enfermera12 2026-10-30->2026-10-31 < 12h
2025-10-26 17:34:00,998 - ERROR - ✗ VIOLACIÓN: RD006 - enfermera12 2026-11-15->2026-11-16 < 12h
2025-10-26 17:34:00,998 - ERROR - ✗ VIOLACIÓN: RD006 - enfermera12 2026-11-19->2026-11-20 < 12h
2025-10-26 17:34:00,999 - ERROR - ✗ VIOLACIÓN: RD006 - enfermera12 2026-11-24->2026-11-25 < 12h
2025-10-26 17:34:00,999 - ERROR - ✗ VIOLACIÓN: RD006 - enfermera12 2026-12-06->2026-12-07 < 12h
2025-10-26 17:34:01,000 - ERROR - ✗ VIOLACIÓN: RD006 - enfermera12 2026-12-14->2026-12-15 < 12h
2025-10-26 17:34:01,000 - ERROR - ✗ VIOLACIÓN: RD006 - enfermera12 2027-01-08->2027-01-09 < 12h
2025-10-26 17:34:01,001 - ERROR - ✗ VIOLACIÓN: RD006 - enfermera13 2026-02-17->2026-02-18 < 12h
2025-10-26 17:34:01,001 - ERROR - ✗ VIOLACIÓN: RD006 - enfermera13 2026-03-28->2026-03-29 < 12h
2025-10-26 17:34:01,002 - ERROR - ✗ VIOLACIÓN: RD006 - enfermera13 2026-04-08->2026-04-09 < 12h
2025-10-26 17:34:01,002 - ERROR - ✗ VIOLACIÓN: RD006 - enfermera13 2026-04-15->2026-04-16 < 12h
2025-10-26 17:34:01,002 - ERROR - ✗ VIOLACIÓN: RD006 - enfermera13 2026-04-25->2026-04-26 < 12h
2025-10-26 17:34:01,003 - ERROR - ✗ VIOLACIÓN: RD006 - enfermera13 2026-05-07->2026-05-08 < 12h
2025-10-26 17:34:01,003 - ERROR - ✗ VIOLACIÓN: RD006 - enfermera13 2026-05-26->2026-05-27 < 12h
2025-10-26 17:34:01,004 - ERROR - ✗ VIOLACIÓN: RD006 - enfermera13 2026-06-05->2026-06-06 < 12h
2025-10-26 17:34:01,004 - ERROR - ✗ VIOLACIÓN: RD006 - enfermera13 2026-07-03->2026-07-04 < 12h
2025-10-26 17:34:01,005 - ERROR - ✗ VIOLACIÓN: RD006 - enfermera13 2026-07-20->2026-07-21 < 12h
2025-10-26 17:34:01,005 - ERROR - ✗ VIOLACIÓN: RD006 - enfermera13 2026-08-02->2026-08-03 < 12h
2025-10-26 17:34:01,005 - ERROR - ✗ VIOLACIÓN: RD006 - enfermera13 2026-08-17->2026-08-18 < 12h
2025-10-26 17:34:01,006 - ERROR - ✗ VIOLACIÓN: RD006 - enfermera13 2026-08-28->2026-08-29 < 12h
2025-10-26 17:34:01,006 - ERROR - ✗ VIOLACIÓN: RD006 - enfermera13 2026-09-02->2026-09-03 < 12h
2025-10-26 17:34:01,007 - ERROR - ✗ VIOLACIÓN: RD006 - enfermera13 2026-09-07->2026-09-08 < 12h
2025-10-26 17:34:01,007 - ERROR - ✗ VIOLACIÓN: RD006 - enfermera13 2026-09-11->2026-09-12 < 12h
2025-10-26 17:34:01,008 - ERROR - ✗ VIOLACIÓN: RD006 - enfermera13 2026-10-06->2026-10-07 < 12h
2025-10-26 17:34:01,008 - ERROR - ✗ VIOLACIÓN: RD006 - enfermera13 2026-10-09->2026-10-10 < 12h
2025-10-26 17:34:01,008 - ERROR - ✗ VIOLACIÓN: RD006 - enfermera13 2026-10-25->2026-10-26 < 12h
2025-10-26 17:34:01,009 - ERROR - ✗ VIOLACIÓN: RD006 - enfermera13 2026-11-12->2026-11-13 < 12h
2025-10-26 17:34:01,010 - ERROR - ✗ VIOLACIÓN: RD006 - enfermera13 2026-11-16->2026-11-17 < 12h
2025-10-26 17:34:01,010 - ERROR - ✗ VIOLACIÓN: RD006 - enfermera13 2026-11-24->2026-11-25 < 12h
2025-10-26 17:34:01,011 - ERROR - ✗ VIOLACIÓN: RD006 - enfermera13 2026-12-07->2026-12-08 < 12h
2025-10-26 17:34:01,011 - ERROR - ✗ VIOLACIÓN: RD006 - enfermera13 2026-12-12->2026-12-13 < 12h
2025-10-26 17:34:01,011 - ERROR - ✗ VIOLACIÓN: RD006 - enfermera13 2027-01-02->2027-01-03 < 12h
2025-10-26 17:34:01,012 - ERROR - ✗ VIOLACIÓN: RD006 - enfermera13 2027-01-06->2027-01-07 < 12h
2025-10-26 17:34:01,012 - ERROR - ✗ VIOLACIÓN: RD006 - enfermera13 2027-01-11->2027-01-12 < 12h
2025-10-26 17:34:01,013 - ERROR - ✗ VIOLACIÓN: RD006 - enfermera13 2027-01-29->2027-01-30 < 12h
2025-10-26 17:34:01,013 - ERROR - ✗ VIOLACIÓN: RD006 - enfermera15 2026-02-26->2026-02-27 < 12h
2025-10-26 17:34:01,014 - ERROR - ✗ VIOLACIÓN: RD006 - enfermera15 2026-03-03->2026-03-04 < 12h
2025-10-26 17:34:01,014 - ERROR - ✗ VIOLACIÓN: RD006 - enfermera15 2026-03-16->2026-03-17 < 12h
2025-10-26 17:34:01,014 - ERROR - ✗ VIOLACIÓN: RD006 - enfermera15 2026-04-07->2026-04-08 < 12h
2025-10-26 17:34:01,015 - ERROR - ✗ VIOLACIÓN: RD006 - enfermera15 2026-04-13->2026-04-14 < 12h
2025-10-26 17:34:01,015 - ERROR - ✗ VIOLACIÓN: RD006 - enfermera15 2026-04-15->2026-04-16 < 12h
2025-10-26 17:34:01,016 - ERROR - ✗ VIOLACIÓN: RD006 - enfermera15 2026-04-18->2026-04-19 < 12h
2025-10-26 17:34:01,016 - ERROR - ✗ VIOLACIÓN: RD006 - enfermera15 2026-04-26->2026-04-27 < 12h
2025-10-26 17:34:01,016 - ERROR - ✗ VIOLACIÓN: RD006 - enfermera15 2026-05-03->2026-05-04 < 12h
2025-10-26 17:34:01,017 - ERROR - ✗ VIOLACIÓN: RD006 - enfermera15 2026-05-09->2026-05-10 < 12h
2025-10-26 17:34:01,017 - ERROR - ✗ VIOLACIÓN: RD006 - enfermera15 2026-05-16->2026-05-17 < 12h
2025-10-26 17:34:01,018 - ERROR - ✗ VIOLACIÓN: RD006 - enfermera15 2026-06-01->2026-06-02 < 12h
2025-10-26 17:34:01,018 - ERROR - ✗ VIOLACIÓN: RD006 - enfermera15 2026-06-07->2026-06-08 < 12h
2025-10-26 17:34:01,019 - ERROR - ✗ VIOLACIÓN: RD006 - enfermera15 2026-06-12->2026-06-13 < 12h
2025-10-26 17:34:01,019 - ERROR - ✗ VIOLACIÓN: RD006 - enfermera15 2026-06-30->2026-07-01 < 12h
2025-10-26 17:34:01,019 - ERROR - ✗ VIOLACIÓN: RD006 - enfermera15 2026-07-13->2026-07-14 < 12h
2025-10-26 17:34:01,020 - ERROR - ✗ VIOLACIÓN: RD006 - enfermera15 2026-07-21->2026-07-22 < 12h
2025-10-26 17:34:01,020 - ERROR - ✗ VIOLACIÓN: RD006 - enfermera15 2026-07-27->2026-07-28 < 12h
2025-10-26 17:34:01,021 - ERROR - ✗ VIOLACIÓN: RD006 - enfermera15 2026-08-11->2026-08-12 < 12h
2025-10-26 17:34:01,021 - ERROR - ✗ VIOLACIÓN: RD006 - enfermera15 2026-08-25->2026-08-26 < 12h
2025-10-26 17:34:01,021 - ERROR - ✗ VIOLACIÓN: RD006 - enfermera15 2026-08-31->2026-09-01 < 12h
2025-10-26 17:34:01,022 - ERROR - ✗ VIOLACIÓN: RD006 - enfermera15 2026-09-04->2026-09-05 < 12h
2025-10-26 17:34:01,022 - ERROR - ✗ VIOLACIÓN: RD006 - enfermera15 2026-09-09->2026-09-10 < 12h
2025-10-26 17:34:01,023 - ERROR - ✗ VIOLACIÓN: RD006 - enfermera15 2026-09-20->2026-09-21 < 12h
2025-10-26 17:34:01,023 - ERROR - ✗ VIOLACIÓN: RD006 - enfermera15 2026-10-04->2026-10-05 < 12h
2025-10-26 17:34:01,024 - ERROR - ✗ VIOLACIÓN: RD006 - enfermera15 2026-10-08->2026-10-09 < 12h
2025-10-26 17:34:01,024 - ERROR - ✗ VIOLACIÓN: RD006 - enfermera15 2026-10-29->2026-10-30 < 12h
2025-10-26 17:34:01,024 - ERROR - ✗ VIOLACIÓN: RD006 - enfermera15 2026-11-18->2026-11-19 < 12h
2025-10-26 17:34:01,025 - ERROR - ✗ VIOLACIÓN: RD006 - enfermera15 2026-11-25->2026-11-26 < 12h
2025-10-26 17:34:01,025 - ERROR - ✗ VIOLACIÓN: RD006 - enfermera15 2026-11-30->2026-12-01 < 12h
2025-10-26 17:34:01,026 - ERROR - ✗ VIOLACIÓN: RD006 - enfermera15 2026-12-07->2026-12-08 < 12h
2025-10-26 17:34:01,026 - ERROR - ✗ VIOLACIÓN: RD006 - enfermera15 2026-12-12->2026-12-13 < 12h
2025-10-26 17:34:01,027 - ERROR - ✗ VIOLACIÓN: RD006 - enfermera15 2027-01-14->2027-01-15 < 12h
2025-10-26 17:34:01,028 - ERROR - ✗ VIOLACIÓN: RD006 - enfermera16 2026-02-16->2026-02-17 < 12h
2025-10-26 17:34:01,029 - ERROR - ✗ VIOLACIÓN: RD006 - enfermera16 2026-05-05->2026-05-06 < 12h
2025-10-26 17:34:01,029 - ERROR - ✗ VIOLACIÓN: RD006 - enfermera16 2026-05-08->2026-05-09 < 12h
2025-10-26 17:34:01,030 - ERROR - ✗ VIOLACIÓN: RD006 - enfermera16 2026-05-11->2026-05-12 < 12h
2025-10-26 17:34:01,030 - ERROR - ✗ VIOLACIÓN: RD006 - enfermera16 2026-06-05->2026-06-06 < 12h
2025-10-26 17:34:01,031 - ERROR - ✗ VIOLACIÓN: RD006 - enfermera16 2026-06-09->2026-06-10 < 12h
2025-10-26 17:34:01,031 - ERROR - ✗ VIOLACIÓN: RD006 - enfermera16 2026-07-02->2026-07-03 < 12h
2025-10-26 17:34:01,031 - ERROR - ✗ VIOLACIÓN: RD006 - enfermera16 2026-07-06->2026-07-07 < 12h
2025-10-26 17:34:01,032 - ERROR - ✗ VIOLACIÓN: RD006 - enfermera16 2026-07-11->2026-07-12 < 12h
2025-10-26 17:34:01,032 - ERROR - ✗ VIOLACIÓN: RD006 - enfermera16 2026-07-15->2026-07-16 < 12h
2025-10-26 17:34:01,033 - ERROR - ✗ VIOLACIÓN: RD006 - enfermera16 2026-07-21->2026-07-22 < 12h
2025-10-26 17:34:01,033 - ERROR - ✗ VIOLACIÓN: RD006 - enfermera16 2026-07-24->2026-07-25 < 12h
2025-10-26 17:34:01,033 - ERROR - ✗ VIOLACIÓN: RD006 - enfermera16 2026-08-08->2026-08-09 < 12h
2025-10-26 17:34:01,034 - ERROR - ✗ VIOLACIÓN: RD006 - enfermera16 2026-08-17->2026-08-18 < 12h
2025-10-26 17:34:01,034 - ERROR - ✗ VIOLACIÓN: RD006 - enfermera16 2026-08-30->2026-08-31 < 12h
2025-10-26 17:34:01,035 - ERROR - ✗ VIOLACIÓN: RD006 - enfermera16 2026-09-05->2026-09-06 < 12h
2025-10-26 17:34:01,035 - ERROR - ✗ VIOLACIÓN: RD006 - enfermera16 2026-09-28->2026-09-29 < 12h
2025-10-26 17:34:01,036 - ERROR - ✗ VIOLACIÓN: RD006 - enfermera16 2026-10-05->2026-10-06 < 12h
2025-10-26 17:34:01,036 - ERROR - ✗ VIOLACIÓN: RD006 - enfermera16 2026-10-11->2026-10-12 < 12h
2025-10-26 17:34:01,036 - ERROR - ✗ VIOLACIÓN: RD006 - enfermera16 2026-10-16->2026-10-17 < 12h
2025-10-26 17:34:01,037 - ERROR - ✗ VIOLACIÓN: RD006 - enfermera16 2026-10-23->2026-10-24 < 12h
2025-10-26 17:34:01,037 - ERROR - ✗ VIOLACIÓN: RD006 - enfermera16 2026-10-29->2026-10-30 < 12h
2025-10-26 17:34:01,038 - ERROR - ✗ VIOLACIÓN: RD006 - enfermera16 2026-11-01->2026-11-02 < 12h
2025-10-26 17:34:01,038 - ERROR - ✗ VIOLACIÓN: RD006 - enfermera16 2026-11-09->2026-11-10 < 12h
2025-10-26 17:34:01,038 - ERROR - ✗ VIOLACIÓN: RD006 - enfermera16 2026-11-11->2026-11-12 < 12h
2025-10-26 17:34:01,039 - ERROR - ✗ VIOLACIÓN: RD006 - enfermera16 2026-11-16->2026-11-17 < 12h
2025-10-26 17:34:01,039 - ERROR - ✗ VIOLACIÓN: RD006 - enfermera16 2026-11-22->2026-11-23 < 12h
2025-10-26 17:34:01,039 - ERROR - ✗ VIOLACIÓN: RD006 - enfermera16 2026-12-05->2026-12-06 < 12h
2025-10-26 17:34:01,040 - ERROR - ✗ VIOLACIÓN: RD006 - enfermera16 2026-12-13->2026-12-14 < 12h
2025-10-26 17:34:01,040 - ERROR - ✗ VIOLACIÓN: RD006 - enfermera16 2026-12-24->2026-12-25 < 12h
2025-10-26 17:34:01,041 - ERROR - ✗ VIOLACIÓN: RD006 - enfermera16 2026-12-29->2026-12-30 < 12h
2025-10-26 17:34:01,041 - ERROR - ✗ VIOLACIÓN: RD006 - enfermera16 2026-12-31->2027-01-01 < 12h
2025-10-26 17:34:01,041 - ERROR - ✗ VIOLACIÓN: RD006 - enfermera16 2027-01-02->2027-01-03 < 12h
2025-10-26 17:34:01,042 - ERROR - ✗ VIOLACIÓN: RD006 - enfermera16 2027-01-05->2027-01-06 < 12h
2025-10-26 17:34:01,042 - ERROR - ✗ VIOLACIÓN: RD006 - enfermera16 2027-01-17->2027-01-18 < 12h
2025-10-26 17:34:01,043 - ERROR - ✗ VIOLACIÓN: RD006 - enfermera16 2027-01-24->2027-01-25 < 12h
2025-10-26 17:34:01,043 - ERROR - ✗ VIOLACIÓN: RD006 - enfermera17 2026-02-25->2026-02-26 < 12h
2025-10-26 17:34:01,044 - ERROR - ✗ VIOLACIÓN: RD006 - enfermera17 2026-03-02->2026-03-03 < 12h
2025-10-26 17:34:01,044 - ERROR - ✗ VIOLACIÓN: RD006 - enfermera17 2026-04-19->2026-04-20 < 12h
2025-10-26 17:34:01,045 - ERROR - ✗ VIOLACIÓN: RD006 - enfermera17 2026-04-22->2026-04-23 < 12h
2025-10-26 17:34:01,045 - ERROR - ✗ VIOLACIÓN: RD006 - enfermera17 2026-04-24->2026-04-25 < 12h
2025-10-26 17:34:01,046 - ERROR - ✗ VIOLACIÓN: RD006 - enfermera17 2026-05-05->2026-05-06 < 12h
2025-10-26 17:34:01,046 - ERROR - ✗ VIOLACIÓN: RD006 - enfermera17 2026-05-11->2026-05-12 < 12h
2025-10-26 17:34:01,046 - ERROR - ✗ VIOLACIÓN: RD006 - enfermera17 2026-06-06->2026-06-07 < 12h
2025-10-26 17:34:01,047 - ERROR - ✗ VIOLACIÓN: RD006 - enfermera17 2026-06-22->2026-06-23 < 12h
2025-10-26 17:34:01,047 - ERROR - ✗ VIOLACIÓN: RD006 - enfermera17 2026-06-24->2026-06-25 < 12h
2025-10-26 17:34:01,048 - ERROR - ✗ VIOLACIÓN: RD006 - enfermera17 2026-06-27->2026-06-28 < 12h
2025-10-26 17:34:01,048 - ERROR - ✗ VIOLACIÓN: RD006 - enfermera17 2026-07-26->2026-07-27 < 12h
2025-10-26 17:34:01,049 - ERROR - ✗ VIOLACIÓN: RD006 - enfermera17 2026-08-01->2026-08-02 < 12h
2025-10-26 17:34:01,049 - ERROR - ✗ VIOLACIÓN: RD006 - enfermera17 2026-08-03->2026-08-04 < 12h
2025-10-26 17:34:01,049 - ERROR - ✗ VIOLACIÓN: RD006 - enfermera17 2026-08-13->2026-08-14 < 12h
2025-10-26 17:34:01,050 - ERROR - ✗ VIOLACIÓN: RD006 - enfermera17 2026-09-01->2026-09-02 < 12h
2025-10-26 17:34:01,050 - ERROR - ✗ VIOLACIÓN: RD006 - enfermera17 2026-09-18->2026-09-19 < 12h
2025-10-26 17:34:01,051 - ERROR - ✗ VIOLACIÓN: RD006 - enfermera17 2026-09-29->2026-09-30 < 12h
2025-10-26 17:34:01,051 - ERROR - ✗ VIOLACIÓN: RD006 - enfermera17 2026-10-14->2026-10-15 < 12h
2025-10-26 17:34:01,052 - ERROR - ✗ VIOLACIÓN: RD006 - enfermera17 2026-10-29->2026-10-30 < 12h
2025-10-26 17:34:01,052 - ERROR - ✗ VIOLACIÓN: RD006 - enfermera17 2026-11-06->2026-11-07 < 12h
2025-10-26 17:34:01,052 - ERROR - ✗ VIOLACIÓN: RD006 - enfermera17 2026-11-13->2026-11-14 < 12h
2025-10-26 17:34:01,053 - ERROR - ✗ VIOLACIÓN: RD006 - enfermera17 2026-11-21->2026-11-22 < 12h
2025-10-26 17:34:01,053 - ERROR - ✗ VIOLACIÓN: RD006 - enfermera17 2026-12-10->2026-12-11 < 12h
2025-10-26 17:34:01,054 - ERROR - ✗ VIOLACIÓN: RD006 - enfermera17 2026-12-28->2026-12-29 < 12h
2025-10-26 17:34:01,054 - ERROR - ✗ VIOLACIÓN: RD006 - enfermera17 2027-01-01->2027-01-02 < 12h
2025-10-26 17:34:01,055 - ERROR - ✗ VIOLACIÓN: RD006 - enfermera17 2027-01-06->2027-01-07 < 12h
2025-10-26 17:34:01,055 - ERROR - ✗ VIOLACIÓN: RD006 - enfermera17 2027-01-16->2027-01-17 < 12h
2025-10-26 17:34:01,055 - ERROR - ✗ VIOLACIÓN: RD006 - enfermera17 2027-01-23->2027-01-24 < 12h
2025-10-26 17:34:01,056 - ERROR - ✗ VIOLACIÓN: RD006 - enfermera4 2026-04-06->2026-04-07 < 12h
2025-10-26 17:34:01,056 - ERROR - ✗ VIOLACIÓN: RD006 - enfermera4 2026-04-11->2026-04-12 < 12h
2025-10-26 17:34:01,057 - ERROR - ✗ VIOLACIÓN: RD006 - enfermera4 2026-05-27->2026-05-28 < 12h
2025-10-26 17:34:01,057 - ERROR - ✗ VIOLACIÓN: RD006 - enfermera4 2026-06-05->2026-06-06 < 12h
2025-10-26 17:34:01,058 - ERROR - ✗ VIOLACIÓN: RD006 - enfermera4 2026-06-16->2026-06-17 < 12h
2025-10-26 17:34:01,058 - ERROR - ✗ VIOLACIÓN: RD006 - enfermera4 2026-07-02->2026-07-03 < 12h
2025-10-26 17:34:01,059 - ERROR - ✗ VIOLACIÓN: RD006 - enfermera4 2026-07-04->2026-07-05 < 12h
2025-10-26 17:34:01,059 - ERROR - ✗ VIOLACIÓN: RD006 - enfermera4 2026-07-06->2026-07-07 < 12h
2025-10-26 17:34:01,060 - ERROR - ✗ VIOLACIÓN: RD006 - enfermera4 2026-07-08->2026-07-09 < 12h
2025-10-26 17:34:01,060 - ERROR - ✗ VIOLACIÓN: RD006 - enfermera4 2026-07-16->2026-07-17 < 12h
2025-10-26 17:34:01,060 - ERROR - ✗ VIOLACIÓN: RD006 - enfermera4 2026-07-19->2026-07-20 < 12h
2025-10-26 17:34:01,061 - ERROR - ✗ VIOLACIÓN: RD006 - enfermera4 2026-07-24->2026-07-25 < 12h
2025-10-26 17:34:01,062 - ERROR - ✗ VIOLACIÓN: RD006 - enfermera4 2026-07-28->2026-07-29 < 12h
2025-10-26 17:34:01,062 - ERROR - ✗ VIOLACIÓN: RD006 - enfermera4 2026-08-08->2026-08-09 < 12h
2025-10-26 17:34:01,063 - ERROR - ✗ VIOLACIÓN: RD006 - enfermera4 2026-08-16->2026-08-17 < 12h
2025-10-26 17:34:01,063 - ERROR - ✗ VIOLACIÓN: RD006 - enfermera4 2026-08-28->2026-08-29 < 12h
2025-10-26 17:34:01,063 - ERROR - ✗ VIOLACIÓN: RD006 - enfermera4 2026-09-05->2026-09-06 < 12h
2025-10-26 17:34:01,064 - ERROR - ✗ VIOLACIÓN: RD006 - enfermera4 2026-09-19->2026-09-20 < 12h
2025-10-26 17:34:01,064 - ERROR - ✗ VIOLACIÓN: RD006 - enfermera4 2026-09-29->2026-09-30 < 12h
2025-10-26 17:34:01,065 - ERROR - ✗ VIOLACIÓN: RD006 - enfermera4 2026-10-05->2026-10-06 < 12h
2025-10-26 17:34:01,065 - ERROR - ✗ VIOLACIÓN: RD006 - enfermera4 2026-10-16->2026-10-17 < 12h
2025-10-26 17:34:01,065 - ERROR - ✗ VIOLACIÓN: RD006 - enfermera4 2026-10-29->2026-10-30 < 12h
2025-10-26 17:34:01,066 - ERROR - ✗ VIOLACIÓN: RD006 - enfermera4 2026-11-07->2026-11-08 < 12h
2025-10-26 17:34:01,066 - ERROR - ✗ VIOLACIÓN: RD006 - enfermera4 2026-11-10->2026-11-11 < 12h
2025-10-26 17:34:01,067 - ERROR - ✗ VIOLACIÓN: RD006 - enfermera4 2026-11-22->2026-11-23 < 12h
2025-10-26 17:34:01,067 - ERROR - ✗ VIOLACIÓN: RD006 - enfermera4 2026-12-01->2026-12-02 < 12h
2025-10-26 17:34:01,068 - ERROR - ✗ VIOLACIÓN: RD006 - enfermera4 2026-12-06->2026-12-07 < 12h
2025-10-26 17:34:01,068 - ERROR - ✗ VIOLACIÓN: RD006 - enfermera4 2026-12-08->2026-12-09 < 12h
2025-10-26 17:34:01,069 - ERROR - ✗ VIOLACIÓN: RD006 - enfermera4 2026-12-21->2026-12-22 < 12h
2025-10-26 17:34:01,069 - ERROR - ✗ VIOLACIÓN: RD006 - enfermera4 2026-12-31->2027-01-01 < 12h
2025-10-26 17:34:01,069 - ERROR - ✗ VIOLACIÓN: RD006 - enfermera8 2026-02-13->2026-02-14 < 12h
2025-10-26 17:34:01,070 - ERROR - ✗ VIOLACIÓN: RD006 - enfermera8 2026-03-28->2026-03-29 < 12h
2025-10-26 17:34:01,070 - ERROR - ✗ VIOLACIÓN: RD006 - enfermera8 2026-05-03->2026-05-04 < 12h
2025-10-26 17:34:01,071 - ERROR - ✗ VIOLACIÓN: RD006 - enfermera8 2026-05-05->2026-05-06 < 12h
2025-10-26 17:34:01,071 - ERROR - ✗ VIOLACIÓN: RD006 - enfermera8 2026-05-08->2026-05-09 < 12h
2025-10-26 17:34:01,072 - ERROR - ✗ VIOLACIÓN: RD006 - enfermera8 2026-05-16->2026-05-17 < 12h
2025-10-26 17:34:01,072 - ERROR - ✗ VIOLACIÓN: RD006 - enfermera8 2026-05-24->2026-05-25 < 12h
2025-10-26 17:34:01,073 - ERROR - ✗ VIOLACIÓN: RD006 - enfermera8 2026-06-04->2026-06-05 < 12h
2025-10-26 17:34:01,073 - ERROR - ✗ VIOLACIÓN: RD006 - enfermera8 2026-06-26->2026-06-27 < 12h
2025-10-26 17:34:01,073 - ERROR - ✗ VIOLACIÓN: RD006 - enfermera8 2026-07-11->2026-07-12 < 12h
2025-10-26 17:34:01,074 - ERROR - ✗ VIOLACIÓN: RD006 - enfermera8 2026-07-17->2026-07-18 < 12h
2025-10-26 17:34:01,074 - ERROR - ✗ VIOLACIÓN: RD006 - enfermera8 2026-07-30->2026-07-31 < 12h
2025-10-26 17:34:01,075 - ERROR - ✗ VIOLACIÓN: RD006 - enfermera8 2026-08-07->2026-08-08 < 12h
2025-10-26 17:34:01,075 - ERROR - ✗ VIOLACIÓN: RD006 - enfermera8 2026-08-13->2026-08-14 < 12h
2025-10-26 17:34:01,076 - ERROR - ✗ VIOLACIÓN: RD006 - enfermera8 2026-08-16->2026-08-17 < 12h
2025-10-26 17:34:01,076 - ERROR - ✗ VIOLACIÓN: RD006 - enfermera8 2026-08-19->2026-08-20 < 12h
2025-10-26 17:34:01,077 - ERROR - ✗ VIOLACIÓN: RD006 - enfermera8 2026-08-25->2026-08-26 < 12h
2025-10-26 17:34:01,077 - ERROR - ✗ VIOLACIÓN: RD006 - enfermera8 2026-08-31->2026-09-01 < 12h
2025-10-26 17:34:01,077 - ERROR - ✗ VIOLACIÓN: RD006 - enfermera8 2026-09-02->2026-09-03 < 12h
2025-10-26 17:34:01,078 - ERROR - ✗ VIOLACIÓN: RD006 - enfermera8 2026-09-07->2026-09-08 < 12h
2025-10-26 17:34:01,078 - ERROR - ✗ VIOLACIÓN: RD006 - enfermera8 2026-09-10->2026-09-11 < 12h
2025-10-26 17:34:01,079 - ERROR - ✗ VIOLACIÓN: RD006 - enfermera8 2026-09-16->2026-09-17 < 12h
2025-10-26 17:34:01,079 - ERROR - ✗ VIOLACIÓN: RD006 - enfermera8 2026-09-18->2026-09-19 < 12h
2025-10-26 17:34:01,080 - ERROR - ✗ VIOLACIÓN: RD006 - enfermera8 2026-09-27->2026-09-28 < 12h
2025-10-26 17:34:01,080 - ERROR - ✗ VIOLACIÓN: RD006 - enfermera8 2026-10-02->2026-10-03 < 12h
2025-10-26 17:34:01,081 - ERROR - ✗ VIOLACIÓN: RD006 - enfermera8 2026-10-10->2026-10-11 < 12h
2025-10-26 17:34:01,081 - ERROR - ✗ VIOLACIÓN: RD006 - enfermera8 2026-10-15->2026-10-16 < 12h
2025-10-26 17:34:01,082 - ERROR - ✗ VIOLACIÓN: RD006 - enfermera8 2026-10-23->2026-10-24 < 12h
2025-10-26 17:34:01,082 - ERROR - ✗ VIOLACIÓN: RD006 - enfermera8 2026-10-29->2026-10-30 < 12h
2025-10-26 17:34:01,082 - ERROR - ✗ VIOLACIÓN: RD006 - enfermera8 2026-10-31->2026-11-01 < 12h
2025-10-26 17:34:01,083 - ERROR - ✗ VIOLACIÓN: RD006 - enfermera8 2026-11-04->2026-11-05 < 12h
2025-10-26 17:34:01,083 - ERROR - ✗ VIOLACIÓN: RD006 - enfermera8 2026-11-11->2026-11-12 < 12h
2025-10-26 17:34:01,084 - ERROR - ✗ VIOLACIÓN: RD006 - enfermera8 2026-11-20->2026-11-21 < 12h
2025-10-26 17:34:01,084 - ERROR - ✗ VIOLACIÓN: RD006 - enfermera8 2026-12-17->2026-12-18 < 12h
2025-10-26 17:34:01,084 - ERROR - ✗ VIOLACIÓN: RD006 - enfermera8 2026-12-23->2026-12-24 < 12h
2025-10-26 17:34:01,085 - ERROR - ✗ VIOLACIÓN: RD006 - enfermera8 2026-12-26->2026-12-27 < 12h
2025-10-26 17:34:01,085 - ERROR - ✗ VIOLACIÓN: RD006 - enfermera8 2027-01-03->2027-01-04 < 12h
2025-10-26 17:34:01,086 - ERROR - ✗ VIOLACIÓN: RD006 - enfermera8 2027-01-05->2027-01-06 < 12h
2025-10-26 17:34:01,086 - ERROR - ✗ VIOLACIÓN: RD006 - enfermera9 2026-02-11->2026-02-12 < 12h
2025-10-26 17:34:01,087 - ERROR - ✗ VIOLACIÓN: RD006 - enfermera9 2026-02-16->2026-02-17 < 12h
2025-10-26 17:34:01,087 - ERROR - ✗ VIOLACIÓN: RD006 - enfermera9 2026-02-27->2026-02-28 < 12h
2025-10-26 17:34:01,087 - ERROR - ✗ VIOLACIÓN: RD006 - enfermera9 2026-03-12->2026-03-13 < 12h
2025-10-26 17:34:01,088 - ERROR - ✗ VIOLACIÓN: RD006 - enfermera9 2026-03-25->2026-03-26 < 12h
2025-10-26 17:34:01,088 - ERROR - ✗ VIOLACIÓN: RD006 - enfermera9 2026-03-31->2026-04-01 < 12h
2025-10-26 17:34:01,089 - ERROR - ✗ VIOLACIÓN: RD006 - enfermera9 2026-04-26->2026-04-27 < 12h
2025-10-26 17:34:01,089 - ERROR - ✗ VIOLACIÓN: RD006 - enfermera9 2026-05-02->2026-05-03 < 12h
2025-10-26 17:34:01,089 - ERROR - ✗ VIOLACIÓN: RD006 - enfermera9 2026-05-15->2026-05-16 < 12h
2025-10-26 17:34:01,090 - ERROR - ✗ VIOLACIÓN: RD006 - enfermera9 2026-05-20->2026-05-21 < 12h
2025-10-26 17:34:01,090 - ERROR - ✗ VIOLACIÓN: RD006 - enfermera9 2026-05-24->2026-05-25 < 12h
2025-10-26 17:34:01,091 - ERROR - ✗ VIOLACIÓN: RD006 - enfermera9 2026-05-30->2026-05-31 < 12h
2025-10-26 17:34:01,091 - ERROR - ✗ VIOLACIÓN: RD006 - enfermera9 2026-06-01->2026-06-02 < 12h
2025-10-26 17:34:01,091 - ERROR - ✗ VIOLACIÓN: RD006 - enfermera9 2026-06-09->2026-06-10 < 12h
2025-10-26 17:34:01,092 - ERROR - ✗ VIOLACIÓN: RD006 - enfermera9 2026-06-11->2026-06-12 < 12h
2025-10-26 17:34:01,095 - ERROR - ✗ VIOLACIÓN: RD006 - enfermera9 2026-06-13->2026-06-14 < 12h
2025-10-26 17:34:01,095 - ERROR - ✗ VIOLACIÓN: RD006 - enfermera9 2026-06-17->2026-06-18 < 12h
2025-10-26 17:34:01,096 - ERROR - ✗ VIOLACIÓN: RD006 - enfermera9 2026-07-17->2026-07-18 < 12h
2025-10-26 17:34:01,096 - ERROR - ✗ VIOLACIÓN: RD006 - enfermera9 2026-07-19->2026-07-20 < 12h
2025-10-26 17:34:01,096 - ERROR - ✗ VIOLACIÓN: RD006 - enfermera9 2026-07-22->2026-07-23 < 12h
2025-10-26 17:34:01,097 - ERROR - ✗ VIOLACIÓN: RD006 - enfermera9 2026-07-27->2026-07-28 < 12h
2025-10-26 17:34:01,097 - ERROR - ✗ VIOLACIÓN: RD006 - enfermera9 2026-07-31->2026-08-01 < 12h
2025-10-26 17:34:01,098 - ERROR - ✗ VIOLACIÓN: RD006 - enfermera9 2026-08-27->2026-08-28 < 12h
2025-10-26 17:34:01,098 - ERROR - ✗ VIOLACIÓN: RD006 - enfermera9 2026-09-16->2026-09-17 < 12h
2025-10-26 17:34:01,098 - ERROR - ✗ VIOLACIÓN: RD006 - enfermera9 2026-09-18->2026-09-19 < 12h
2025-10-26 17:34:01,099 - ERROR - ✗ VIOLACIÓN: RD006 - enfermera9 2026-09-25->2026-09-26 < 12h
2025-10-26 17:34:01,099 - ERROR - ✗ VIOLACIÓN: RD006 - enfermera9 2026-10-05->2026-10-06 < 12h
2025-10-26 17:34:01,100 - ERROR - ✗ VIOLACIÓN: RD006 - enfermera9 2026-10-08->2026-10-09 < 12h
2025-10-26 17:34:01,100 - ERROR - ✗ VIOLACIÓN: RD006 - enfermera9 2026-11-06->2026-11-07 < 12h
2025-10-26 17:34:01,100 - ERROR - ✗ VIOLACIÓN: RD006 - enfermera9 2026-11-29->2026-11-30 < 12h
2025-10-26 17:34:01,101 - ERROR - ✗ VIOLACIÓN: RD006 - enfermera9 2026-12-16->2026-12-17 < 12h
2025-10-26 17:34:01,101 - ERROR - ✗ VIOLACIÓN: RD006 - enfermera9 2026-12-22->2026-12-23 < 12h
2025-10-26 17:34:01,102 - ERROR - ✗ VIOLACIÓN: RD006 - enfermera9 2026-12-30->2026-12-31 < 12h
2025-10-26 17:34:01,102 - ERROR - ✗ VIOLACIÓN: RD006 - enfermera9 2027-01-06->2027-01-07 < 12h
2025-10-26 17:34:01,102 - ERROR - ✗ VIOLACIÓN: RD006 - enfermera9 2027-01-19->2027-01-20 < 12h
2025-10-26 17:34:01,103 - ERROR - ✗ VIOLACIÓN: RD006 - enfermera9 2027-01-21->2027-01-22 < 12h
2025-10-26 17:34:01,103 - ERROR - ✗ VIOLACIÓN: RD006 - enfermera9 2027-01-24->2027-01-25 < 12h
2025-10-26 17:34:01,104 - ERROR - ✗ VIOLACIÓN: RD006 - enfermera10 2026-02-03->2026-02-04 < 12h
2025-10-26 17:34:01,104 - ERROR - ✗ VIOLACIÓN: RD006 - enfermera10 2026-02-21->2026-02-22 < 12h
2025-10-26 17:34:01,105 - ERROR - ✗ VIOLACIÓN: RD006 - enfermera10 2026-03-01->2026-03-02 < 12h
2025-10-26 17:34:01,105 - ERROR - ✗ VIOLACIÓN: RD006 - enfermera10 2026-04-25->2026-04-26 < 12h
2025-10-26 17:34:01,106 - ERROR - ✗ VIOLACIÓN: RD006 - enfermera10 2026-04-27->2026-04-28 < 12h
2025-10-26 17:34:01,106 - ERROR - ✗ VIOLACIÓN: RD006 - enfermera10 2026-06-03->2026-06-04 < 12h
2025-10-26 17:34:01,107 - ERROR - ✗ VIOLACIÓN: RD006 - enfermera10 2026-06-11->2026-06-12 < 12h
2025-10-26 17:34:01,107 - ERROR - ✗ VIOLACIÓN: RD006 - enfermera10 2026-06-15->2026-06-16 < 12h
2025-10-26 17:34:01,108 - ERROR - ✗ VIOLACIÓN: RD006 - enfermera10 2026-06-18->2026-06-19 < 12h
2025-10-26 17:34:01,108 - ERROR - ✗ VIOLACIÓN: RD006 - enfermera10 2026-07-05->2026-07-06 < 12h
2025-10-26 17:34:01,109 - ERROR - ✗ VIOLACIÓN: RD006 - enfermera10 2026-07-12->2026-07-13 < 12h
2025-10-26 17:34:01,109 - ERROR - ✗ VIOLACIÓN: RD006 - enfermera10 2026-07-28->2026-07-29 < 12h
2025-10-26 17:34:01,110 - ERROR - ✗ VIOLACIÓN: RD006 - enfermera10 2026-07-31->2026-08-01 < 12h
2025-10-26 17:34:01,110 - ERROR - ✗ VIOLACIÓN: RD006 - enfermera10 2026-08-04->2026-08-05 < 12h
2025-10-26 17:34:01,111 - ERROR - ✗ VIOLACIÓN: RD006 - enfermera10 2026-08-14->2026-08-15 < 12h
2025-10-26 17:34:01,111 - ERROR - ✗ VIOLACIÓN: RD006 - enfermera10 2026-08-20->2026-08-21 < 12h
2025-10-26 17:34:01,111 - ERROR - ✗ VIOLACIÓN: RD006 - enfermera10 2026-08-23->2026-08-24 < 12h
2025-10-26 17:34:01,112 - ERROR - ✗ VIOLACIÓN: RD006 - enfermera10 2026-08-29->2026-08-30 < 12h
2025-10-26 17:34:01,112 - ERROR - ✗ VIOLACIÓN: RD006 - enfermera10 2026-09-06->2026-09-07 < 12h
2025-10-26 17:34:01,113 - ERROR - ✗ VIOLACIÓN: RD006 - enfermera10 2026-09-22->2026-09-23 < 12h
2025-10-26 17:34:01,113 - ERROR - ✗ VIOLACIÓN: RD006 - enfermera10 2026-09-28->2026-09-29 < 12h
2025-10-26 17:34:01,114 - ERROR - ✗ VIOLACIÓN: RD006 - enfermera10 2026-10-17->2026-10-18 < 12h
2025-10-26 17:34:01,114 - ERROR - ✗ VIOLACIÓN: RD006 - enfermera10 2026-10-21->2026-10-22 < 12h
2025-10-26 17:34:01,114 - ERROR - ✗ VIOLACIÓN: RD006 - enfermera10 2026-10-24->2026-10-25 < 12h
2025-10-26 17:34:01,115 - ERROR - ✗ VIOLACIÓN: RD006 - enfermera10 2026-10-29->2026-10-30 < 12h
2025-10-26 17:34:01,115 - ERROR - ✗ VIOLACIÓN: RD006 - enfermera10 2026-11-02->2026-11-03 < 12h
2025-10-26 17:34:01,116 - ERROR - ✗ VIOLACIÓN: RD006 - enfermera10 2026-11-13->2026-11-14 < 12h
2025-10-26 17:34:01,116 - ERROR - ✗ VIOLACIÓN: RD006 - enfermera10 2026-11-15->2026-11-16 < 12h
2025-10-26 17:34:01,116 - ERROR - ✗ VIOLACIÓN: RD006 - enfermera10 2026-11-24->2026-11-25 < 12h
2025-10-26 17:34:01,117 - ERROR - ✗ VIOLACIÓN: RD006 - enfermera10 2026-11-27->2026-11-28 < 12h
2025-10-26 17:34:01,117 - ERROR - ✗ VIOLACIÓN: RD006 - enfermera10 2026-12-08->2026-12-09 < 12h
2025-10-26 17:34:01,118 - ERROR - ✗ VIOLACIÓN: RD006 - enfermera10 2026-12-27->2026-12-28 < 12h
2025-10-26 17:34:01,118 - ERROR - ✗ VIOLACIÓN: RD006 - enfermera10 2027-01-17->2027-01-18 < 12h
2025-10-26 17:34:01,119 - ERROR - ✗ VIOLACIÓN: RD006 - enfermera5 2026-04-10->2026-04-11 < 12h
2025-10-26 17:34:01,120 - ERROR - ✗ VIOLACIÓN: RD006 - enfermera5 2026-04-27->2026-04-28 < 12h
2025-10-26 17:34:01,120 - ERROR - ✗ VIOLACIÓN: RD006 - enfermera5 2026-04-29->2026-04-30 < 12h
2025-10-26 17:34:01,120 - ERROR - ✗ VIOLACIÓN: RD006 - enfermera5 2026-05-07->2026-05-08 < 12h
2025-10-26 17:34:01,121 - ERROR - ✗ VIOLACIÓN: RD006 - enfermera5 2026-05-14->2026-05-15 < 12h
2025-10-26 17:34:01,121 - ERROR - ✗ VIOLACIÓN: RD006 - enfermera5 2026-05-30->2026-05-31 < 12h
2025-10-26 17:34:01,122 - ERROR - ✗ VIOLACIÓN: RD006 - enfermera5 2026-06-14->2026-06-15 < 12h
2025-10-26 17:34:01,122 - ERROR - ✗ VIOLACIÓN: RD006 - enfermera5 2026-06-20->2026-06-21 < 12h
2025-10-26 17:34:01,122 - ERROR - ✗ VIOLACIÓN: RD006 - enfermera5 2026-06-24->2026-06-25 < 12h
2025-10-26 17:34:01,123 - ERROR - ✗ VIOLACIÓN: RD006 - enfermera5 2026-06-30->2026-07-01 < 12h
2025-10-26 17:34:01,123 - ERROR - ✗ VIOLACIÓN: RD006 - enfermera5 2026-07-04->2026-07-05 < 12h
2025-10-26 17:34:01,124 - ERROR - ✗ VIOLACIÓN: RD006 - enfermera5 2026-07-15->2026-07-16 < 12h
2025-10-26 17:34:01,124 - ERROR - ✗ VIOLACIÓN: RD006 - enfermera5 2026-07-21->2026-07-22 < 12h
2025-10-26 17:34:01,124 - ERROR - ✗ VIOLACIÓN: RD006 - enfermera5 2026-07-28->2026-07-29 < 12h
2025-10-26 17:34:01,125 - ERROR - ✗ VIOLACIÓN: RD006 - enfermera5 2026-09-12->2026-09-13 < 12h
2025-10-26 17:34:01,126 - ERROR - ✗ VIOLACIÓN: RD006 - enfermera5 2026-09-20->2026-09-21 < 12h
2025-10-26 17:34:01,127 - ERROR - ✗ VIOLACIÓN: RD006 - enfermera5 2026-09-24->2026-09-25 < 12h
2025-10-26 17:34:01,127 - ERROR - ✗ VIOLACIÓN: RD006 - enfermera5 2026-10-11->2026-10-12 < 12h
2025-10-26 17:34:01,128 - ERROR - ✗ VIOLACIÓN: RD006 - enfermera5 2026-10-22->2026-10-23 < 12h
2025-10-26 17:34:01,128 - ERROR - ✗ VIOLACIÓN: RD006 - enfermera5 2026-10-31->2026-11-01 < 12h
2025-10-26 17:34:01,129 - ERROR - ✗ VIOLACIÓN: RD006 - enfermera5 2026-11-12->2026-11-13 < 12h
2025-10-26 17:34:01,129 - ERROR - ✗ VIOLACIÓN: RD006 - enfermera5 2026-11-17->2026-11-18 < 12h
2025-10-26 17:34:01,129 - ERROR - ✗ VIOLACIÓN: RD006 - enfermera5 2026-11-29->2026-11-30 < 12h
2025-10-26 17:34:01,130 - ERROR - ✗ VIOLACIÓN: RD006 - enfermera5 2026-12-02->2026-12-03 < 12h
2025-10-26 17:34:01,130 - ERROR - ✗ VIOLACIÓN: RD006 - enfermera5 2026-12-07->2026-12-08 < 12h
2025-10-26 17:34:01,131 - ERROR - ✗ VIOLACIÓN: RD006 - enfermera5 2026-12-13->2026-12-14 < 12h
2025-10-26 17:34:01,131 - ERROR - ✗ VIOLACIÓN: RD006 - enfermera5 2026-12-20->2026-12-21 < 12h
2025-10-26 17:34:01,131 - ERROR - ✗ VIOLACIÓN: RD006 - enfermera5 2026-12-25->2026-12-26 < 12h
2025-10-26 17:34:01,132 - ERROR - ✗ VIOLACIÓN: RD006 - enfermera5 2027-01-09->2027-01-10 < 12h
2025-10-26 17:34:01,133 - ERROR - ✗ VIOLACIÓN: RD006 - enfermera7 2026-03-27->2026-03-28 < 12h
2025-10-26 17:34:01,133 - ERROR - ✗ VIOLACIÓN: RD006 - enfermera7 2026-05-07->2026-05-08 < 12h
2025-10-26 17:34:01,133 - ERROR - ✗ VIOLACIÓN: RD006 - enfermera7 2026-05-16->2026-05-17 < 12h
2025-10-26 17:34:01,134 - ERROR - ✗ VIOLACIÓN: RD006 - enfermera7 2026-05-22->2026-05-23 < 12h
2025-10-26 17:34:01,134 - ERROR - ✗ VIOLACIÓN: RD006 - enfermera7 2026-05-29->2026-05-30 < 12h
2025-10-26 17:34:01,135 - ERROR - ✗ VIOLACIÓN: RD006 - enfermera7 2026-05-31->2026-06-01 < 12h
2025-10-26 17:34:01,135 - ERROR - ✗ VIOLACIÓN: RD006 - enfermera7 2026-06-12->2026-06-13 < 12h
2025-10-26 17:34:01,135 - ERROR - ✗ VIOLACIÓN: RD006 - enfermera7 2026-06-17->2026-06-18 < 12h
2025-10-26 17:34:01,136 - ERROR - ✗ VIOLACIÓN: RD006 - enfermera7 2026-06-21->2026-06-22 < 12h
2025-10-26 17:34:01,136 - ERROR - ✗ VIOLACIÓN: RD006 - enfermera7 2026-06-24->2026-06-25 < 12h
2025-10-26 17:34:01,137 - ERROR - ✗ VIOLACIÓN: RD006 - enfermera7 2026-07-09->2026-07-10 < 12h
2025-10-26 17:34:01,137 - ERROR - ✗ VIOLACIÓN: RD006 - enfermera7 2026-07-11->2026-07-12 < 12h
2025-10-26 17:34:01,137 - ERROR - ✗ VIOLACIÓN: RD006 - enfermera7 2026-07-19->2026-07-20 < 12h
2025-10-26 17:34:01,138 - ERROR - ✗ VIOLACIÓN: RD006 - enfermera7 2026-08-13->2026-08-14 < 12h
2025-10-26 17:34:01,138 - ERROR - ✗ VIOLACIÓN: RD006 - enfermera7 2026-08-15->2026-08-16 < 12h
2025-10-26 17:34:01,139 - ERROR - ✗ VIOLACIÓN: RD006 - enfermera7 2026-09-05->2026-09-06 < 12h
2025-10-26 17:34:01,139 - ERROR - ✗ VIOLACIÓN: RD006 - enfermera7 2026-09-12->2026-09-13 < 12h
2025-10-26 17:34:01,140 - ERROR - ✗ VIOLACIÓN: RD006 - enfermera7 2026-09-22->2026-09-23 < 12h
2025-10-26 17:34:01,140 - ERROR - ✗ VIOLACIÓN: RD006 - enfermera7 2026-10-06->2026-10-07 < 12h
2025-10-26 17:34:01,140 - ERROR - ✗ VIOLACIÓN: RD006 - enfermera7 2026-10-18->2026-10-19 < 12h
2025-10-26 17:34:01,141 - ERROR - ✗ VIOLACIÓN: RD006 - enfermera7 2026-11-11->2026-11-12 < 12h
2025-10-26 17:34:01,142 - ERROR - ✗ VIOLACIÓN: RD006 - enfermera7 2026-11-16->2026-11-17 < 12h
2025-10-26 17:34:01,142 - ERROR - ✗ VIOLACIÓN: RD006 - enfermera7 2026-11-21->2026-11-22 < 12h
2025-10-26 17:34:01,143 - ERROR - ✗ VIOLACIÓN: RD006 - enfermera7 2026-11-24->2026-11-25 < 12h
2025-10-26 17:34:01,144 - ERROR - ✗ VIOLACIÓN: RD006 - enfermera7 2026-11-26->2026-11-27 < 12h
2025-10-26 17:34:01,144 - ERROR - ✗ VIOLACIÓN: RD006 - enfermera7 2026-11-29->2026-11-30 < 12h
2025-10-26 17:34:01,145 - ERROR - ✗ VIOLACIÓN: RD006 - enfermera7 2026-12-02->2026-12-03 < 12h
2025-10-26 17:34:01,145 - ERROR - ✗ VIOLACIÓN: RD006 - enfermera7 2026-12-06->2026-12-07 < 12h
2025-10-26 17:34:01,146 - ERROR - ✗ VIOLACIÓN: RD006 - enfermera7 2026-12-09->2026-12-10 < 12h
2025-10-26 17:34:01,146 - ERROR - ✗ VIOLACIÓN: RD006 - enfermera7 2026-12-18->2026-12-19 < 12h
2025-10-26 17:34:01,146 - ERROR - ✗ VIOLACIÓN: RD006 - enfermera7 2026-12-23->2026-12-24 < 12h
2025-10-26 17:34:01,147 - ERROR - ✗ VIOLACIÓN: RD006 - enfermera7 2027-01-02->2027-01-03 < 12h
2025-10-26 17:34:01,147 - ERROR - ✗ VIOLACIÓN: RD006 - enfermera7 2027-01-07->2027-01-08 < 12h
2025-10-26 17:34:01,148 - ERROR - ✗ VIOLACIÓN: RD006 - enfermera7 2027-01-10->2027-01-11 < 12h
2025-10-26 17:34:01,148 - ERROR - ✗ VIOLACIÓN: RD006 - enfermera7 2027-01-27->2027-01-28 < 12h
2025-10-26 17:34:01,149 - ERROR - ✗ VIOLACIÓN: RD006 - enfermera14 2026-02-08->2026-02-09 < 12h
2025-10-26 17:34:01,149 - ERROR - ✗ VIOLACIÓN: RD006 - enfermera14 2026-02-12->2026-02-13 < 12h
2025-10-26 17:34:01,149 - ERROR - ✗ VIOLACIÓN: RD006 - enfermera14 2026-02-19->2026-02-20 < 12h
2025-10-26 17:34:01,150 - ERROR - ✗ VIOLACIÓN: RD006 - enfermera14 2026-03-16->2026-03-17 < 12h
2025-10-26 17:34:01,150 - ERROR - ✗ VIOLACIÓN: RD006 - enfermera14 2026-03-23->2026-03-24 < 12h
2025-10-26 17:34:01,151 - ERROR - ✗ VIOLACIÓN: RD006 - enfermera14 2026-04-02->2026-04-03 < 12h
2025-10-26 17:34:01,151 - ERROR - ✗ VIOLACIÓN: RD006 - enfermera14 2026-04-07->2026-04-08 < 12h
2025-10-26 17:34:01,152 - ERROR - ✗ VIOLACIÓN: RD006 - enfermera14 2026-04-17->2026-04-18 < 12h
2025-10-26 17:34:01,152 - ERROR - ✗ VIOLACIÓN: RD006 - enfermera14 2026-05-07->2026-05-08 < 12h
2025-10-26 17:34:01,152 - ERROR - ✗ VIOLACIÓN: RD006 - enfermera14 2026-06-18->2026-06-19 < 12h
2025-10-26 17:34:01,153 - ERROR - ✗ VIOLACIÓN: RD006 - enfermera14 2026-06-28->2026-06-29 < 12h
2025-10-26 17:34:01,153 - ERROR - ✗ VIOLACIÓN: RD006 - enfermera14 2026-07-02->2026-07-03 < 12h
2025-10-26 17:34:01,153 - ERROR - ✗ VIOLACIÓN: RD006 - enfermera14 2026-07-12->2026-07-13 < 12h
2025-10-26 17:34:01,154 - ERROR - ✗ VIOLACIÓN: RD006 - enfermera14 2026-07-21->2026-07-22 < 12h
2025-10-26 17:34:01,154 - ERROR - ✗ VIOLACIÓN: RD006 - enfermera14 2026-07-26->2026-07-27 < 12h
2025-10-26 17:34:01,155 - ERROR - ✗ VIOLACIÓN: RD006 - enfermera14 2026-08-23->2026-08-24 < 12h
2025-10-26 17:34:01,155 - ERROR - ✗ VIOLACIÓN: RD006 - enfermera14 2026-08-26->2026-08-27 < 12h
2025-10-26 17:34:01,155 - ERROR - ✗ VIOLACIÓN: RD006 - enfermera14 2026-09-01->2026-09-02 < 12h
2025-10-26 17:34:01,156 - ERROR - ✗ VIOLACIÓN: RD006 - enfermera14 2026-09-10->2026-09-11 < 12h
2025-10-26 17:34:01,156 - ERROR - ✗ VIOLACIÓN: RD006 - enfermera14 2026-09-25->2026-09-26 < 12h
2025-10-26 17:34:01,157 - ERROR - ✗ VIOLACIÓN: RD006 - enfermera14 2026-09-30->2026-10-01 < 12h
2025-10-26 17:34:01,157 - ERROR - ✗ VIOLACIÓN: RD006 - enfermera14 2026-10-04->2026-10-05 < 12h
2025-10-26 17:34:01,158 - ERROR - ✗ VIOLACIÓN: RD006 - enfermera14 2026-10-06->2026-10-07 < 12h
2025-10-26 17:34:01,158 - ERROR - ✗ VIOLACIÓN: RD006 - enfermera14 2026-10-12->2026-10-13 < 12h
2025-10-26 17:34:01,159 - ERROR - ✗ VIOLACIÓN: RD006 - enfermera14 2026-10-16->2026-10-17 < 12h
2025-10-26 17:34:01,159 - ERROR - ✗ VIOLACIÓN: RD006 - enfermera14 2026-10-28->2026-10-29 < 12h
2025-10-26 17:34:01,160 - ERROR - ✗ VIOLACIÓN: RD006 - enfermera14 2026-11-06->2026-11-07 < 12h
2025-10-26 17:34:01,160 - ERROR - ✗ VIOLACIÓN: RD006 - enfermera14 2026-11-09->2026-11-10 < 12h
2025-10-26 17:34:01,161 - ERROR - ✗ VIOLACIÓN: RD006 - enfermera14 2026-11-11->2026-11-12 < 12h
2025-10-26 17:34:01,161 - ERROR - ✗ VIOLACIÓN: RD006 - enfermera14 2026-11-15->2026-11-16 < 12h
2025-10-26 17:34:01,162 - ERROR - ✗ VIOLACIÓN: RD006 - enfermera14 2026-11-21->2026-11-22 < 12h
2025-10-26 17:34:01,162 - ERROR - ✗ VIOLACIÓN: RD006 - enfermera14 2026-11-30->2026-12-01 < 12h
2025-10-26 17:34:01,163 - ERROR - ✗ VIOLACIÓN: RD006 - enfermera14 2026-12-12->2026-12-13 < 12h
2025-10-26 17:34:01,163 - ERROR - ✗ VIOLACIÓN: RD006 - enfermera14 2026-12-26->2026-12-27 < 12h
2025-10-26 17:34:01,163 - ERROR - ✗ VIOLACIÓN: RD006 - enfermera14 2027-01-29->2027-01-30 < 12h
2025-10-26 17:34:01,164 - ERROR - ✗ VIOLACIÓN: RD006 - enfermera3 2026-04-30->2026-05-01 < 12h
2025-10-26 17:34:01,165 - ERROR - ✗ VIOLACIÓN: RD006 - enfermera3 2026-05-04->2026-05-05 < 12h
2025-10-26 17:34:01,165 - ERROR - ✗ VIOLACIÓN: RD006 - enfermera3 2026-05-19->2026-05-20 < 12h
2025-10-26 17:34:01,165 - ERROR - ✗ VIOLACIÓN: RD006 - enfermera3 2026-05-22->2026-05-23 < 12h
2025-10-26 17:34:01,166 - ERROR - ✗ VIOLACIÓN: RD006 - enfermera3 2026-05-26->2026-05-27 < 12h
2025-10-26 17:34:01,166 - ERROR - ✗ VIOLACIÓN: RD006 - enfermera3 2026-05-28->2026-05-29 < 12h
2025-10-26 17:34:01,167 - ERROR - ✗ VIOLACIÓN: RD006 - enfermera3 2026-06-16->2026-06-17 < 12h
2025-10-26 17:34:01,167 - ERROR - ✗ VIOLACIÓN: RD006 - enfermera3 2026-07-03->2026-07-04 < 12h
2025-10-26 17:34:01,167 - ERROR - ✗ VIOLACIÓN: RD006 - enfermera3 2026-07-07->2026-07-08 < 12h
2025-10-26 17:34:01,168 - ERROR - ✗ VIOLACIÓN: RD006 - enfermera3 2026-07-14->2026-07-15 < 12h
2025-10-26 17:34:01,168 - ERROR - ✗ VIOLACIÓN: RD006 - enfermera3 2026-07-22->2026-07-23 < 12h
2025-10-26 17:34:01,169 - ERROR - ✗ VIOLACIÓN: RD006 - enfermera3 2026-07-27->2026-07-28 < 12h
2025-10-26 17:34:01,169 - ERROR - ✗ VIOLACIÓN: RD006 - enfermera3 2026-08-01->2026-08-02 < 12h
2025-10-26 17:34:01,169 - ERROR - ✗ VIOLACIÓN: RD006 - enfermera3 2026-08-16->2026-08-17 < 12h
2025-10-26 17:34:01,170 - ERROR - ✗ VIOLACIÓN: RD006 - enfermera3 2026-08-22->2026-08-23 < 12h
2025-10-26 17:34:01,170 - ERROR - ✗ VIOLACIÓN: RD006 - enfermera3 2026-08-27->2026-08-28 < 12h
2025-10-26 17:34:01,171 - ERROR - ✗ VIOLACIÓN: RD006 - enfermera3 2026-09-02->2026-09-03 < 12h
2025-10-26 17:34:01,171 - ERROR - ✗ VIOLACIÓN: RD006 - enfermera3 2026-09-08->2026-09-09 < 12h
2025-10-26 17:34:01,171 - ERROR - ✗ VIOLACIÓN: RD006 - enfermera3 2026-09-11->2026-09-12 < 12h
2025-10-26 17:34:01,172 - ERROR - ✗ VIOLACIÓN: RD006 - enfermera3 2026-09-27->2026-09-28 < 12h
2025-10-26 17:34:01,172 - ERROR - ✗ VIOLACIÓN: RD006 - enfermera3 2026-10-09->2026-10-10 < 12h
2025-10-26 17:34:01,173 - ERROR - ✗ VIOLACIÓN: RD006 - enfermera3 2026-10-20->2026-10-21 < 12h
2025-10-26 17:34:01,173 - ERROR - ✗ VIOLACIÓN: RD006 - enfermera3 2026-10-26->2026-10-27 < 12h
2025-10-26 17:34:01,173 - ERROR - ✗ VIOLACIÓN: RD006 - enfermera3 2026-11-03->2026-11-04 < 12h
2025-10-26 17:34:01,174 - ERROR - ✗ VIOLACIÓN: RD006 - enfermera3 2026-11-07->2026-11-08 < 12h
2025-10-26 17:34:01,174 - ERROR - ✗ VIOLACIÓN: RD006 - enfermera3 2026-11-12->2026-11-13 < 12h
2025-10-26 17:34:01,175 - ERROR - ✗ VIOLACIÓN: RD006 - enfermera3 2026-11-21->2026-11-22 < 12h
2025-10-26 17:34:01,175 - ERROR - ✗ VIOLACIÓN: RD006 - enfermera3 2026-12-01->2026-12-02 < 12h
2025-10-26 17:34:01,175 - ERROR - ✗ VIOLACIÓN: RD006 - enfermera3 2026-12-03->2026-12-04 < 12h
2025-10-26 17:34:01,176 - ERROR - ✗ VIOLACIÓN: RD006 - enfermera3 2026-12-09->2026-12-10 < 12h
2025-10-26 17:34:01,176 - ERROR - ✗ VIOLACIÓN: RD006 - enfermera3 2026-12-11->2026-12-12 < 12h
2025-10-26 17:34:01,177 - ERROR - ✗ VIOLACIÓN: RD006 - enfermera3 2026-12-16->2026-12-17 < 12h
2025-10-26 17:34:01,177 - ERROR - ✗ VIOLACIÓN: RD006 - enfermera3 2026-12-29->2026-12-30 < 12h
2025-10-26 17:34:01,178 - ERROR - ✗ VIOLACIÓN: RD006 - enfermera3 2027-01-15->2027-01-16 < 12h
2025-10-26 17:34:01,178 - ERROR - ✗ VIOLACIÓN: RD006 - enfermera3 2027-01-24->2027-01-25 < 12h
2025-10-26 17:34:01,179 - ERROR - ✗ VIOLACIÓN: RD006 - enfermera3 2027-01-27->2027-01-28 < 12h
2025-10-26 17:34:01,179 - ERROR - ✗ VIOLACIÓN: RD006 - enfermera6 2026-05-06->2026-05-07 < 12h
2025-10-26 17:34:01,180 - ERROR - ✗ VIOLACIÓN: RD006 - enfermera6 2026-05-19->2026-05-20 < 12h
2025-10-26 17:34:01,180 - ERROR - ✗ VIOLACIÓN: RD006 - enfermera6 2026-06-04->2026-06-05 < 12h
2025-10-26 17:34:01,181 - ERROR - ✗ VIOLACIÓN: RD006 - enfermera6 2026-06-08->2026-06-09 < 12h
2025-10-26 17:34:01,181 - ERROR - ✗ VIOLACIÓN: RD006 - enfermera6 2026-06-11->2026-06-12 < 12h
2025-10-26 17:34:01,181 - ERROR - ✗ VIOLACIÓN: RD006 - enfermera6 2026-06-14->2026-06-15 < 12h
2025-10-26 17:34:01,182 - ERROR - ✗ VIOLACIÓN: RD006 - enfermera6 2026-06-25->2026-06-26 < 12h
2025-10-26 17:34:01,182 - ERROR - ✗ VIOLACIÓN: RD006 - enfermera6 2026-07-04->2026-07-05 < 12h
2025-10-26 17:34:01,183 - ERROR - ✗ VIOLACIÓN: RD006 - enfermera6 2026-07-11->2026-07-12 < 12h
2025-10-26 17:34:01,183 - ERROR - ✗ VIOLACIÓN: RD006 - enfermera6 2026-07-14->2026-07-15 < 12h
2025-10-26 17:34:01,184 - ERROR - ✗ VIOLACIÓN: RD006 - enfermera6 2026-07-17->2026-07-18 < 12h
2025-10-26 17:34:01,184 - ERROR - ✗ VIOLACIÓN: RD006 - enfermera6 2026-07-23->2026-07-24 < 12h
2025-10-26 17:34:01,184 - ERROR - ✗ VIOLACIÓN: RD006 - enfermera6 2026-08-23->2026-08-24 < 12h
2025-10-26 17:34:01,185 - ERROR - ✗ VIOLACIÓN: RD006 - enfermera6 2026-09-02->2026-09-03 < 12h
2025-10-26 17:34:01,185 - ERROR - ✗ VIOLACIÓN: RD006 - enfermera6 2026-09-09->2026-09-10 < 12h
2025-10-26 17:34:01,186 - ERROR - ✗ VIOLACIÓN: RD006 - enfermera6 2026-09-14->2026-09-15 < 12h
2025-10-26 17:34:01,186 - ERROR - ✗ VIOLACIÓN: RD006 - enfermera6 2026-10-08->2026-10-09 < 12h
2025-10-26 17:34:01,186 - ERROR - ✗ VIOLACIÓN: RD006 - enfermera6 2026-10-16->2026-10-17 < 12h
2025-10-26 17:34:01,187 - ERROR - ✗ VIOLACIÓN: RD006 - enfermera6 2026-10-22->2026-10-23 < 12h
2025-10-26 17:34:01,187 - ERROR - ✗ VIOLACIÓN: RD006 - enfermera6 2026-10-27->2026-10-28 < 12h
2025-10-26 17:34:01,188 - ERROR - ✗ VIOLACIÓN: RD006 - enfermera6 2026-11-02->2026-11-03 < 12h
2025-10-26 17:34:01,188 - ERROR - ✗ VIOLACIÓN: RD006 - enfermera6 2026-11-14->2026-11-15 < 12h
2025-10-26 17:34:01,188 - ERROR - ✗ VIOLACIÓN: RD006 - enfermera6 2026-11-23->2026-11-24 < 12h
2025-10-26 17:34:01,189 - ERROR - ✗ VIOLACIÓN: RD006 - enfermera6 2026-11-25->2026-11-26 < 12h
2025-10-26 17:34:01,189 - ERROR - ✗ VIOLACIÓN: RD006 - enfermera6 2026-12-01->2026-12-02 < 12h
2025-10-26 17:34:01,189 - ERROR - ✗ VIOLACIÓN: RD006 - enfermera6 2026-12-05->2026-12-06 < 12h
2025-10-26 17:34:01,190 - ERROR - ✗ VIOLACIÓN: RD006 - enfermera6 2026-12-17->2026-12-18 < 12h
2025-10-26 17:34:01,190 - ERROR - ✗ VIOLACIÓN: RD006 - enfermera6 2026-12-22->2026-12-23 < 12h
2025-10-26 17:34:01,191 - ERROR - ✗ VIOLACIÓN: RD006 - enfermera6 2026-12-29->2026-12-30 < 12h
2025-10-26 17:34:01,191 - ERROR - ✗ VIOLACIÓN: RD006 - enfermera6 2027-01-09->2027-01-10 < 12h
2025-10-26 17:34:01,191 - ERROR - ✗ VIOLACIÓN: RD006 - enfermera6 2027-01-22->2027-01-23 < 12h
2025-10-26 17:34:01,192 - ERROR - ✗ VIOLACIÓN: RD006 - enfermera6 2027-01-27->2027-01-28 < 12h
2025-10-26 17:34:01,262 - INFO - ✓ VÁLIDO: RD009 - Jornadas <= 12h
2025-10-26 17:34:01,265 - INFO - [EQ] Pepa: NOCHE=93, MANANA=97, TARDE=94
2025-10-26 17:34:01,266 - INFO - [EQ] Ramón: TARDE=94, MANANA=97, NOCHE=93
2025-10-26 17:34:01,266 - INFO - [EQ] enfermera1: TARDE=94, MANANA=97, NOCHE=93
2025-10-26 17:34:01,266 - INFO - [EQ] enfermera11: MANANA=97, TARDE=94, NOCHE=93
2025-10-26 17:34:01,267 - INFO - [EQ] enfermera12: MANANA=97, NOCHE=93, TARDE=94
2025-10-26 17:34:01,267 - INFO - [EQ] enfermera13: NOCHE=93, TARDE=94, MANANA=97
2025-10-26 17:34:01,267 - INFO - [EQ] enfermera15: TARDE=94, NOCHE=93, MANANA=97
2025-10-26 17:34:01,267 - INFO - [EQ] enfermera16: MANANA=97, NOCHE=93, TARDE=94
2025-10-26 17:34:01,268 - INFO - [EQ] enfermera17: NOCHE=93, TARDE=94, MANANA=97
2025-10-26 17:34:01,268 - INFO - [EQ] enfermera4: MANANA=97, NOCHE=93, TARDE=94
2025-10-26 17:34:01,269 - INFO - [EQ] enfermera8: NOCHE=93, MANANA=97, TARDE=94
2025-10-26 17:34:01,269 - INFO - [EQ] enfermera9: MANANA=97, NOCHE=93, TARDE=94
2025-10-26 17:34:01,269 - INFO - [EQ] enfermera10: MANANA=97, TARDE=94, NOCHE=93
2025-10-26 17:34:01,270 - INFO - [EQ] enfermera5: NOCHE=93, TARDE=94, MANANA=97
2025-10-26 17:34:01,270 - INFO - [EQ] enfermera7: TARDE=94, MANANA=97, NOCHE=93
2025-10-26 17:34:01,270 - INFO - [EQ] enfermera14: MANANA=97, TARDE=94, NOCHE=93
2025-10-26 17:34:01,271 - INFO - [EQ] enfermera3: TARDE=94, NOCHE=93, MANANA=97
2025-10-26 17:34:01,271 - INFO - [EQ] enfermera6: NOCHE=93, TARDE=94, MANANA=97
2025-10-26 17:34:01,271 - INFO - ✓ VÁLIDO: RB001-RB003 - Resumen de equidad generado
2025-10-26 17:34:01,271 - INFO - ================================================================================
2025-10-26 17:34:01,272 - INFO - VALIDACIONES OK: 4  |  VIOLACIONES: 579
2025-10-26 17:34:01,272 - INFO - ================================================================================
2025-10-26 17:46:13,982 - INFO - Demanda raw: {'MANANA': {'min': 3, 'optimo': 4, 'max': 5}, 'TARDE': {'min': 3, 'optimo': 3, 'max': 4}, 'NOCHE': {'min': 3, 'optimo': 3, 'max': 3}} (type: dict)
2025-10-26 17:46:13,983 - INFO - Formato complejo detectado para MANANA: {'min': 3, 'optimo': 4, 'max': 5}
2025-10-26 17:46:13,984 - DEBUG -   Usando 'optimo': 4
2025-10-26 17:46:13,984 - INFO - Formato complejo detectado para TARDE: {'min': 3, 'optimo': 3, 'max': 4}
2025-10-26 17:46:13,985 - DEBUG -   Usando 'optimo': 3
2025-10-26 17:46:13,985 - INFO - Formato complejo detectado para NOCHE: {'min': 3, 'optimo': 3, 'max': 3}
2025-10-26 17:46:13,986 - DEBUG -   Usando 'optimo': 3
2025-10-26 17:46:13,986 - INFO - ✓ Demanda procesada: {'MANANA': 4, 'TARDE': 3, 'NOCHE': 3}
2025-10-26 17:46:13,987 - INFO - RD (array): 20
2025-10-26 17:46:13,987 - INFO - RB (array): 15
2025-10-26 17:46:13,988 - INFO - ================================================================================
2025-10-26 17:46:13,988 - INFO - INICIO GENERADOR
2025-10-26 17:46:13,989 - INFO - ================================================================================
2025-10-26 17:46:13,990 - INFO - Config: pruebacompleta | Días: 365 | Enfs: 18 | Turnos: 3
2025-10-26 17:46:13,990 - INFO - Demanda: {'MANANA': 4, 'TARDE': 3, 'NOCHE': 3}
2025-10-26 17:46:13,991 - INFO - Creamos 19710 variables booleanas
2025-10-26 17:46:15,418 - INFO - ✓ RD020: Una enfermera, un turno por día
2025-10-26 17:46:15,738 - INFO - ✓ RD019: Cobertura mínima por turno
2025-10-26 17:46:16,017 - INFO - ✓ RD006: Descanso - Prohibir NOCHE+MAÑANA mismo día
2025-10-26 17:46:16,138 - INFO - ✓ RD017+RD018: Mínimo 28 días libres
2025-10-26 17:46:16,142 - ERROR - Error: Evaluating a BoundedLinearExpression '(e0_d0_t0 + e0_d0_t1 + e0_d0_t2) == 0'instance as a Boolean is not supported.
Traceback (most recent call last):
  File "C:\Users\luiss\OneDrive\Documents\planificador_turnos\turnos\generador.py", line 363, in resolver
    self.aplicar_restricciones_duras()
    ~~~~~~~~~~~~~~~~~~~~~~~~~~~~~~~~^^
  File "C:\Users\luiss\OneDrive\Documents\planificador_turnos\turnos\generador.py", line 333, in aplicar_restricciones_duras
    dias_libres_en_ventana = sum(
        1 for dd in range(d, min(d + 6, self.num_dias))
        if sum(self.shifts[(e, dd, t)] for t in range(self.num_turnos)) == 0
    )
  File "C:\Users\luiss\OneDrive\Documents\planificador_turnos\turnos\generador.py", line 335, in <genexpr>
    if sum(self.shifts[(e, dd, t)] for t in range(self.num_turnos)) == 0
       ^^^^^^^^^^^^^^^^^^^^^^^^^^^^^^^^^^^^^^^^^^^^^^^^^^^^^^^^^^^^^^^^^
NotImplementedError: Evaluating a BoundedLinearExpression '(e0_d0_t0 + e0_d0_t1 + e0_d0_t2) == 0'instance as a Boolean is not supported.
2025-10-26 17:49:39,969 - INFO - Demanda raw: {'MANANA': {'min': 3, 'optimo': 4, 'max': 5}, 'TARDE': {'min': 3, 'optimo': 3, 'max': 4}, 'NOCHE': {'min': 3, 'optimo': 3, 'max': 3}} (type: dict)
2025-10-26 17:49:39,970 - INFO - Formato complejo detectado para MANANA: {'min': 3, 'optimo': 4, 'max': 5}
2025-10-26 17:49:39,970 - DEBUG -   Usando 'optimo': 4
2025-10-26 17:49:39,971 - INFO - Formato complejo detectado para TARDE: {'min': 3, 'optimo': 3, 'max': 4}
2025-10-26 17:49:39,971 - DEBUG -   Usando 'optimo': 3
2025-10-26 17:49:39,972 - INFO - Formato complejo detectado para NOCHE: {'min': 3, 'optimo': 3, 'max': 3}
2025-10-26 17:49:39,972 - DEBUG -   Usando 'optimo': 3
2025-10-26 17:49:39,972 - INFO - ✓ Demanda procesada: {'MANANA': 4, 'TARDE': 3, 'NOCHE': 3}
2025-10-26 17:49:39,973 - INFO - RD (array): 20
2025-10-26 17:49:39,973 - INFO - RB (array): 15
2025-10-26 17:49:39,974 - INFO - ================================================================================
2025-10-26 17:49:39,974 - INFO - INICIO GENERADOR
2025-10-26 17:49:39,975 - INFO - ================================================================================
2025-10-26 17:49:39,975 - INFO - Config: pruebacompleta | Días: 365 | Enfs: 18 | Turnos: 3
2025-10-26 17:49:39,976 - INFO - Demanda: {'MANANA': 4, 'TARDE': 3, 'NOCHE': 3}
2025-10-26 17:49:39,976 - INFO - Creamos 19710 variables booleanas
2025-10-26 17:49:41,039 - INFO - ✓ RD020: Una enfermera, un turno por día
2025-10-26 17:49:41,210 - INFO - ✓ RD019: Cobertura mínima por turno
2025-10-26 17:49:41,469 - INFO - ✓ RD006: Descanso 12h (NOCHE->MAÑANA prohibido)
2025-10-26 17:49:41,600 - INFO - ✓ RD017+RD018: Mínimo 28 días libres por enfermera
2025-10-26 17:49:41,776 - INFO - ✓ RD007: Descanso semanal (mínimo 1 día libre cada 7 días)
2025-10-26 17:49:41,777 - INFO - ✓ RD014-RD016: Horarios verificados en validador
2025-10-26 17:49:41,987 - INFO - RB equidad aplicada con 3 términos
2025-10-26 17:49:41,987 - INFO - Resolve: 600s | workers=8
2025-10-26 17:49:42,196 - INFO - Estado: INFEASIBLE | Time: 0.153s | Conflicts: 0 | Branches: 0
